Event_Title,Date,Time,Venue,Address,url
Fotis Vergopoulos | Brunswick Ballroom,29/11/2024,18:30,Brunswick Ballroom,"314 Sydney Rd, Brunswick VIC 3056, Australia",https://www.facebook.com/events/964204142414565/
3:30 Pick Up and Yard Duty at Lucky 13,29/11/2024,20:00,Lucky 13 Garage,"8 Cochranes Rd, Moorabbin VIC 3189, Australia",https://www.facebook.com/events/1575805869716619/
"AMPHI & Friends // with Interimm (Live), Bex and Mo",29/11/2024,20:00,Wax Music Lounge,"250 Flinders St, Melbourne VIC 3000, Australia",https://www.facebook.com/events/519102081100164/
Milo Eastwood with Mothafunk at Kindred Bandroom,29/11/2024,20:00,Kindred Bandroom,"3 Harris St, Footscray VIC 3011, Australia",https://www.facebook.com/events/1934297767074884/
THE PENNY BLACK PRESENTS...A CHRISTMAS MASH UP,29/11/2024,19:00,The Penny Black,"420 Sydney Rd, Brunswick VIC 3056, Australia",https://www.facebook.com/events/890233243059084/
Cloning | Melbourne | Australian Tour 2024 | The Workers Club,29/11/2024,20:00,The Workers Club,"51 Brunswick St, Fitzroy VIC 3065, Australia",https://www.facebook.com/events/1569289953942033/
Hugh Stuckey Trio,29/11/2024,19:30,Uptown Jazz Cafe,"1/177 Brunswick St, Fitzroy VIC 3065, Australia",https://www.facebook.com/events/528515086675002/
The LINDA RONSTADT Show | Featuring Lisa Mio & The Wild Dreamers,29/11/2024,18:30,arcobar heatherton,"8 Arco Ln, Heatherton VIC 3202, Australia",https://www.facebook.com/events/1868337756994118/
BLOOD DIAMOND MELBOURNE LAUNCH,29/11/2024,21:00,Laundry Bar,"50 Johnston St, Fitzroy VIC 3065, Australia",https://www.facebook.com/events/1069021031291019/
Beaufort Beats x Revolver Fridays,29/11/2024,22:00,Revolver Upstairs,"Level 2/229 Chapel St, Prahran VIC 3181, Australia",https://www.facebook.com/events/1663607770865411/
Bakushi: Shibari evening with Yagami Ren,29/11/2024,19:00,Second Story,"222A Johnston St, Collingwood VIC 3066, Australia",https://www.facebook.com/events/8809337909126669/
"RADIUM DOLLS | MAN SCOUT SINGLE TOUR, The Curtin, Melbourne",29/11/2024,21:00,THE CURTIN (John Curtin hotel),"29 Lygon St, Carlton VIC 3053, Australia",https://www.facebook.com/events/1580879152527241/
THE REGROWTH TOUR - NAARM,29/11/2024,20:00,Laundry Bar,"50 Johnston St, Fitzroy VIC 3065, Australia",https://www.facebook.com/events/1559493408003884/
THE RIONS - MELBOURNE - NORTHCOTE THEATRE - HAPPINESS IN PLACES TOUR [LIC/AA],29/11/2024,19:00,Northcote Theatre,"216 High St, Northcote VIC 3070, Australia",https://www.facebook.com/events/461985866827664/
Tora Live in Melbourne @ 170 Russell,29/11/2024,19:00,170 Russell,"170 Russell St, Melbourne VIC 3000, Australia",https://www.facebook.com/events/549701127413257/
Katchafire - Melbourne,29/11/2024,20:00,The Night Cat,"137-141 Johnston St, Fitzroy VIC 3065, Australia",https://www.facebook.com/events/387135807768962/
Sniffer Dog / Eagle vs Drone joint Album Launch,29/11/2024,20:00,Bar 303,"303 High St, Northcote VIC 3070, Australia",https://www.facebook.com/events/408121785680711/
"The Idea of North: Live, actually | Melbourne",29/11/2024,19:30,The Thornbury Theatre,"859 High St, Thornbury VIC 3071, Australia",https://www.facebook.com/events/997685448516863/
"La Descarga Album Launch ""Fiesta de Corazon"" w/ Agobloco and DJ Paprika",30/11/2024,13:00,Brunswick Ballroom,"314 Sydney Rd, Brunswick VIC 3056, Australia",https://www.facebook.com/events/1352705972104342/
Andrew Swann Jump Funk Combo Live in the Glasshouse,30/11/2024,16:00,Transport Hotel,"Transport Hotel, Ground Level Federation Square, Melbourne VIC 3000, Australia",https://www.facebook.com/events/530453529847830/
The Elvis Big Band - Christmas Spectacular!  Northcote Theatre Nov 30th,30/11/2024,19:00,Northcote Theatre,"216 High St, Northcote VIC 3070, Australia",https://www.facebook.com/events/866374311797614/
"SLOW GRIND FEVER #107 (*9pm, *CASH ONLY*)",30/11/2024,21:00,Bar Open,"317 Brunswick St, Fitzroy VIC 3065, Australia",https://www.facebook.com/events/1117439066603008/
LEVELS MELBOURNE | 30.11.24 | HOSTED BY QUAVO,30/11/2024,21:30,Brown Alley,"585 Lonsdale St, Melbourne VIC 3000, Australia",https://www.facebook.com/events/1067349348269371/
ADHESION - 'UNLEADED' ALBUM LAUNCH,30/11/2024,19:00,Bad Decisions Bar,"46 Johnston St, Fitzroy VIC 3065, Australia",https://www.facebook.com/events/573894678367621/
"HOMEBASS feat. EPUTTY, BOYDEX & LENG LEWN",30/11/2024,20:30,Bar 303,"303 High St, Northcote VIC 3070, Australia",https://www.facebook.com/events/566445886073913/
The Journey | Alchemy Trance Classics feat. Binary Finary (2 Hour Classics Set),30/11/2024,20:00,24 Moons,"2 Arthurton Rd, Northcote VIC 3070, Australia",https://www.facebook.com/events/1202441690991267/
"CHI WOW WAH CITY - Melbourne - Viken Arman (FR), Uone, Amaru Tribe-Live + ",30/11/2024,21:00,The Night Cat,"137-141 Johnston St, Fitzroy VIC 3065, Australia",https://www.facebook.com/events/491857240259009/
 INXSIVE live at LUCKY 13 GARAGE,30/11/2024,20:00,Lucky 13 Garage,"8 Cochranes Rd, Moorabbin VIC 3189, Australia",https://www.facebook.com/events/3469856299985636/
Soul Chisel @ Oakleigh Music Hall,30/11/2024,20:30,Oakleigh Carnegie RSL,"95/97 Drummond St, Oakleigh VIC 3166, Australia",https://www.facebook.com/events/3513486142296206/
Mexican Cooking Workshop,30/11/2024,10:00,CERES Environment Park,"Stewart St & Roberts St East, Brunswick VIC 3056, Australia",https://www.facebook.com/events/1283682626099402/
"RVRB presents .VRIL live (Delsin, Dystopian, Giegling - DE)",30/11/2024,18:00,Howler,"7-11 Dawson St, Brunswick VIC 3056, Australia",https://www.facebook.com/events/924051169585668/
Divination ft. DJ FETT BURGER [All Night Long],30/11/2024,23:00,Sub Club Melbourne,"Flinders Ct, Melbourne VIC 3000, Australia",https://www.facebook.com/events/1517811328872298/
ELVIS by Anthony Petrucci | Christmas Special Dinner & Show,30/11/2024,18:30,arcobar heatherton,"8 Arco Ln, Heatherton VIC 3202, Australia",https://www.facebook.com/events/1957077524754581/
Michael Stangel (Charming Sons) Live in the Glasshouse,30/11/2024,20:00,Transport Hotel,"Transport Hotel, Ground Level Federation Square, Melbourne VIC 3000, Australia",https://www.facebook.com/events/1063377405038517/
Heaven's Greatest Hits - Reborn,30/11/2024,19:30,Juke's Karaoke Crown Melbourne,"Level 1 Metropol precinct, Crown Melbourne, 8 Whiteman St, Southbank VIC 3006, Australia",https://www.facebook.com/events/1761622021290878/
Barney McAll Trio !,30/11/2024,19:35,Uptown Jazz Cafe,"1/177 Brunswick St, Fitzroy VIC 3065, Australia",https://www.facebook.com/events/1629717784557769/
AUSX OPEN,30/11/2024,17:00,Marvel Stadium,"740 Bourke St, Docklands VIC 3008, Australia",https://www.facebook.com/events/508668991590162/
Kaiit | The Toff,1/12/2024,14:00,The Toff,"2f/252 Swanston St, Melbourne VIC 3000, Australia",https://www.facebook.com/events/1551662998824848/
Members Kids Xmas Party,1/12/2024,12:00,Altona Sports Club,"11 Altona Rd, Altona VIC 3018, Australia",https://www.facebook.com/events/1123642109547218/
Mick Pealing & Nick Charles @ Oakleigh Carnegie RSL - Carnegie Room,1/12/2024,14:30,Oakleigh Carnegie RSL,"95/97 Drummond St, Oakleigh VIC 3166, Australia",https://www.facebook.com/events/544003634753497/
The Band Wagon | Matinee Memories at Balwyn,1/12/2024,13:00,Palace Cinemas,"1 Champ St, Coburg VIC 3058, Australia",https://www.facebook.com/events/996785678679953/
Billy Corgan // Adelaide // Good Things Festival Sideshow // Hindley Street Music Hall ,1/12/2024,19:30,Good Things Festival,"448 Epsom Rd, Flemington VIC 3031, Australia",https://www.facebook.com/events/1225869852004681/
The Gaslight Anthem // Brisbane // Good Things Festival Sideshow // The Tivoli,2/12/2024,20:00,Good Things Festival,"448 Epsom Rd, Flemington VIC 3031, Australia",https://www.facebook.com/events/1056133036289486/
Billy Corgan // Melbourne // Good Things Festival Sideshow // Palais Theatre,3/12/2024,19:00,Good Things Festival,"448 Epsom Rd, Flemington VIC 3031, Australia",https://www.facebook.com/events/524410487135534/
The Gaslight Anthem // Sydney // Good Things Festival Sideshow // Liberty Hall,3/12/2024,19:00,Good Things Festival,"448 Epsom Rd, Flemington VIC 3031, Australia",https://www.facebook.com/events/584707660657320/
ùó¶ùó¢ùóüùóó ùó¢ùó®ùóß | Frank Turner & the Sleeping Souls // Melbourne // Good Things Sideshow // The Espy,3/12/2024,19:00,Good Things Festival,"448 Epsom Rd, Flemington VIC 3031, Australia",https://www.facebook.com/events/870313861909838/
Highly Suspect // Melbourne // Good Things Festival Sideshow // Max Watts,3/12/2024,19:00,Max Watts,"125 Swanston St, Melbourne VIC 3000, Australia",https://www.facebook.com/events/951901566984093/
Gay-ming with Pride at The Gaming Arena!,3/12/2024,16:00,The Gaming Arena,"123 Bakers Rd, Coburg North VIC 3058, Australia",https://www.facebook.com/events/467533492828961/
"The Dare at Max Watt's, Melbourne (18+)",4/12/2024,19:00,Max Watts,"125 Swanston St, Melbourne VIC 3000, Australia",https://www.facebook.com/events/1040941070941784/
The Melbourne Moth StorySLAM: SILVER LININGS,4/12/2024,19:30,Howler,"7-11 Dawson St, Brunswick VIC 3056, Australia",https://www.facebook.com/events/1122675559863044/
Morning Melodies with Sandie Dodd & Col Perkins Christmas Special,4/12/2024,10:00,Altona Sports Club,"11 Altona Rd, Altona VIC 3018, Australia",https://www.facebook.com/events/1090964349481871/
Bill Barber and the Holding Cell  & Thursday Night Jam!,5/12/2024,19:00,Hume Blues Club Inc,"27 Ballantyne St, Thornbury VIC 3071, Australia",https://www.facebook.com/events/393907173459395/
Anthony B In Conversation - Hosted by Stick Mareebo ,5/12/2024,19:00,Wax Music Lounge,"250 Flinders St, Melbourne VIC 3000, Australia",https://www.facebook.com/events/1258076311797465/
"Waxahatchee with Good Morning | Forum, Melbourne - SOLD OUT!",5/12/2024,19:00,Forum Melbourne,"154 Flinders St, Melbourne VIC 3000, Australia",https://www.facebook.com/events/1949784432153887/
Devil Dogs @ Mr Boogie Man Bar,6/12/2024,19:00,Mr Boogie Man Bar,"160 Hoddle St, Abbotsford VIC 3067, Australia",https://www.facebook.com/events/1090536999482729/
Absolutely 80s Xmas Show- Scott Carne -Brian Mannix -Wilbur Wilde @L13,6/12/2024,20:00,Lucky 13 Garage,"8 Cochranes Rd, Moorabbin VIC 3189, Australia",https://www.facebook.com/events/406507045830906/
Absolutely 80s Xmas Show -Scott Carne - Brian Mannix ‚Äì Wilbur Wilde,6/12/2024,20:00,Lucky 13 Garage,"8 Cochranes Rd, Moorabbin VIC 3189, Australia",https://www.facebook.com/events/406776375645564/
Patrick Topping | 170 Russell - Naarm/Melbourne,6/12/2024,23:00,170 Russell,"170 Russell St, Melbourne VIC 3000, Australia",https://www.facebook.com/events/1444481526247205/
EMO NEVER SLEEPS: DECEMBER,6/12/2024,22:00,EMO NEVER SLEEPS,"629 Bourke St, Melbourne VIC 3004, Australia",https://www.facebook.com/events/829633832582459/
VICTIM (NZ),6/12/2024,21:00,Laundry Bar,"50 Johnston St, Fitzroy VIC 3065, Australia",https://www.facebook.com/events/545719904743409/
"Sarah Blasko with guest Queenie // Melbourne, Northcote Theatre",6/12/2024,19:30,Northcote Theatre,"216 High St, Northcote VIC 3070, Australia",https://www.facebook.com/events/399039979467353/
Litmus (NL) ‚Äî AU Underground,6/12/2024,22:00,Revolver Upstairs,"Level 2/229 Chapel St, Prahran VIC 3181, Australia",https://www.facebook.com/events/2067806156988233/
FULTON STREET ‚ÄòHard Truths‚Äô Album Launch,6/12/2024,20:00,Wax Music Lounge,"250 Flinders St, Melbourne VIC 3000, Australia",https://www.facebook.com/events/458819236788714/
BOOTY BALL IV (+FREE BOTTOMLESS BOOZE) ,6/12/2024,22:00,New Guernica,"64 Smith St, Collingwood VIC 3066, Australia",https://www.facebook.com/events/925250086198839/
Ben Camden - 'Sunflowers' EP Launch,6/12/2024,19:30,One2three Bar,"123 Queens Parade, Clifton Hill VIC 3068, Australia",https://www.facebook.com/events/1267768264592686/
SKA Legends = Double trouble!,7/12/2024,20:00,THE CURTIN (John Curtin hotel),"29 Lygon St, Carlton VIC 3053, Australia",https://www.facebook.com/events/297884510062494/
GYPSY ‚Äì The Australian Fleetwood Mac Show,7/12/2024,20:30,Altona Sports Club,"11 Altona Rd, Altona VIC 3018, Australia",https://www.facebook.com/events/8866919326673387/
Ramble Tamble Christmas Show @ Oakleigh Music Hall,7/12/2024,20:30,Oakleigh Carnegie RSL,"95/97 Drummond St, Oakleigh VIC 3166, Australia",https://www.facebook.com/events/432473559634394/
Nursery Crimes first headline show in 17 years!,7/12/2024,20:00,Shotkickers,"744 High St, Thornbury VIC 3071, Australia",https://www.facebook.com/events/2045166809276434/
Pat Presents: 'Free Play' MUSIC at CERES,7/12/2024,10:30,CERES Environment Park,"Stewart St & Roberts St East, Brunswick VIC 3056, Australia",https://www.facebook.com/events/772758177611844/
Kingston Farmers' Market,7/12/2024,8:00,Kingston City Hall,"979-985 Nepean Hwy, Moorabbin VIC 3189, Australia",https://www.facebook.com/events/771688524974680/
FULTON STREET 'Hard Truths' Album Launch ,7/12/2024,20:00,Wax Music Lounge,"250 Flinders St, Melbourne VIC 3000, Australia",https://www.facebook.com/events/478619644599035/
Carols by Kingston 2024,8/12/2024,17:00,Kingston City Hall,"979-985 Nepean Hwy, Moorabbin VIC 3189, Australia",https://www.facebook.com/events/1259790941826118/
***SOLD OUT*** ROSS WILSON & THE PEACENIKS,8/12/2024,14:00,Way Out West Roots Music Club,"4 Market St, Newport VIC 3015, Australia",https://www.facebook.com/events/26559182147062741/
"James Marriott at Northcote Theatre, Melbourne (Unlicensed All Ages)",8/12/2024,19:00,Northcote Theatre,"216 High St, Northcote VIC 3070, Australia",https://www.facebook.com/events/725997812926777/
Juliet Fox - Revolver Sundays,8/12/2024,21:00,Revolver Upstairs,"Level 2/229 Chapel St, Prahran VIC 3181, Australia",https://www.facebook.com/events/1724506751461831/
The Apartment | Matinee Memories at Balwyn,8/12/2024,13:00,Palace Cinemas,"1 Champ St, Coburg VIC 3058, Australia",https://www.facebook.com/events/882408260596177/
Sabor Y Ritmo - Afro-Cuban Jazz at the Paris Cat,8/12/2024,18:00,Paris Cat Jazz Club,"6 Goldie Pl, Melbourne VIC 3000, Australia",https://www.facebook.com/events/1744326796398144/
The Herberts Christmas Show @ Oakleigh Music Hall,8/12/2024,14:30,Oakleigh Carnegie RSL,"95/97 Drummond St, Oakleigh VIC 3166, Australia",https://www.facebook.com/events/740031578235967/
Santa Claus is Coming to Town,10/12/2024,11:00,The Clocktower Centre,"750 Mt Alexander Rd, Moonee Ponds VIC 3039, Australia",https://www.facebook.com/events/968126904794102/
Crowded House | Melbourne,10/12/2024,19:00,Rod Laver Arena,"200 Batman Ave, Melbourne VIC 3004, Australia",https://www.facebook.com/events/825609872764703/
DPR - The Dream Reborn Tour 2024,10/12/2024,19:00,Festival Hall,"300 Dudley St, West Melbourne VIC 3003, Australia",https://www.facebook.com/events/443224371939943/
PLAY: Magicians at Work,11/12/2024,19:30,Arts Centre Melbourne,"100 St Kilda Rd, Southbank VIC 3004, Australia",https://www.facebook.com/events/7955852801173144/
HOLLY JOLLY QUEENS,12/12/2024,19:00,Murmur Piano Bar,"17 Warburton Ln, Melbourne VIC 3000, Australia",https://www.facebook.com/events/1269064844267980/
Carols By The Bay,12/12/2024,21:15,Altona Sports Club,"11 Altona Rd, Altona VIC 3018, Australia",https://www.facebook.com/events/2018390251965139/
Wolf and Willie & Thursday Night Jam!,12/12/2024,19:00,Hume Blues Club Inc,"27 Ballantyne St, Thornbury VIC 3071, Australia",https://www.facebook.com/events/506055805343156/
Kandy Carnival,13/12/2024,18:00,Festival Hall,"300 Dudley St, West Melbourne VIC 3003, Australia",https://www.facebook.com/events/2057102354735739/
Brian Cadd @ Oakleigh Music Hall,13/12/2024,20:30,Oakleigh Carnegie RSL,"95/97 Drummond St, Oakleigh VIC 3166, Australia",https://www.facebook.com/events/2309359212746084/
Bubble x New Guernica Pres. OLDBOY (UK) & DJ COSWORTH (UK),13/12/2024,22:00,New Guernica,"64 Smith St, Collingwood VIC 3066, Australia",https://www.facebook.com/events/501350539568850/
An Evening With Malcura - Celebrating 'Flamenco Metal' ,13/12/2024,19:30,Mantra Studio Kitchen and Bar,"10A Campbell St, Yarraville VIC 3013, Australia",https://www.facebook.com/events/1767594000445805/
The Blues Brothers Show @ Oakleigh Music Hall,14/12/2024,20:00,Oakleigh Carnegie RSL,"95/97 Drummond St, Oakleigh VIC 3166, Australia",https://www.facebook.com/events/536992059054981/
Ramble Tamble - Empire Music Studios ,14/12/2024,19:00,Studio 52 / Empire Music Studios,"9 Northern Rd, Heidelberg West VIC 3081, Australia",https://www.facebook.com/events/963425278927163/
Lorcana Weekly Limited - Sealed,14/12/2024,16:30,The Gaming Arena,"123 Bakers Rd, Coburg North VIC 3058, Australia",https://www.facebook.com/events/529361729949752/
Voyager 2024,14/12/2024,21:00,24 Moons,"2 Arthurton Rd, Northcote VIC 3070, Australia",https://www.facebook.com/events/2331006080585343/
Adam Mendum & Carl Winfield @ The Thornbury Local,14/12/2024,20:00,The Thornbury Local,"635 High St, Thornbury VIC 3071, Australia",https://www.facebook.com/events/2097495117354005/
Exek / R.M.F.C / G2g Live at The Curtin,14/12/2024,20:00,THE CURTIN (John Curtin hotel),"29 Lygon St, Carlton VIC 3053, Australia",https://www.facebook.com/events/1283234586029942/
"Mel Searle Presents: ‚ÄòThe Christmas Song‚Äô - An Ella, Nat King Cole & Friends Swingin' Christmas",14/12/2024,21:00,Paris Cat Jazz Club,"6 Goldie Pl, Melbourne VIC 3000, Australia",https://www.facebook.com/events/1662965077627158/
Ally Hocking Howe and Ragged Blossom,15/12/2024,15:30,Lulie Tavern,"225 Johnston St, Abbotsford VIC 3067, Australia",https://www.facebook.com/events/1497816807593958/
Dave Johnstone Band & Cyclone Mavis at the Old Bar,15/12/2024,15:30,The Old Bar,"74-76 Johnston St, Fitzroy VIC 3065, Australia",https://www.facebook.com/events/1501363610582411/
GEOFF ACHISON and THE SOUL DIGGERS,15/12/2024,14:00,Way Out West Roots Music Club,"4 Market St, Newport VIC 3015, Australia",https://www.facebook.com/events/543100528176870/
Dan and Phil - MELBOURNE,15/12/2024,20:00,Melbourne Convention and Exhibition Centre (MCEC),"1 Convention Centre Pl, South Wharf VIC 3006, Australia",https://www.facebook.com/events/1216428926390612/
Jamie Miller 'Long Way Home' World Tour - Melbourne,19/12/2024,19:30,Max Watts,"125 Swanston St, Melbourne VIC 3000, Australia",https://www.facebook.com/events/1114079473421967/
Geoff Achison - Two Tones Christmas Party & Thursday Night Jam!,19/12/2024,19:00,Hume Blues Club Inc,"27 Ballantyne St, Thornbury VIC 3071, Australia",https://www.facebook.com/events/1021489572796457/
It's A House Thing // 20 December // OneSixOne Rooftop,20/12/2024,17:00,onesixone,"161 High St, Prahran VIC 3181, Australia",https://www.facebook.com/events/932768668671860/
Chocolate Starfish Christmas Extraveganza,20/12/2024,19:30,Juke's Karaoke Crown Melbourne,"Level 1 Metropol precinct, Crown Melbourne, 8 Whiteman St, Southbank VIC 3006, Australia",https://www.facebook.com/events/536046322197699/
WAY OUT WEST ROOTS MUSIC CLUB XMAS with BLUES BROTHERS REVUE,22/12/2024,14:00,Way Out West Roots Music Club,"4 Market St, Newport VIC 3015, Australia",https://www.facebook.com/events/1932110123954549/
Melbourne Renegades v Perth Scorchers,23/12/2024,19:15,Marvel Stadium,"740 Bourke St, Docklands VIC 3008, Australia",https://www.facebook.com/events/1100490051644922/
Christmas at Taxi Kitchen,25/12/2024,12:00,Taxi Kitchen,"Taxi Kitchen, Transport Hotel, Level 1 Federation Square, Melbourne VIC 3000, Australia",https://www.facebook.com/events/470112345908446/
Christmas Breakfast at Stamford Plaza Melbourne,25/12/2024,8:30,Stamford Plaza Melbourne,"111 Little Collins St, Melbourne VIC 3000, Australia",https://www.facebook.com/events/3695916687292783/
Christmas Day Lunch at Stamford Plaza Melbourne,25/12/2024,12:30,Stamford Plaza Melbourne,"111 Little Collins St, Melbourne VIC 3000, Australia",https://www.facebook.com/events/3900567380181919/
It's Camp: Silly Season Drag Show,29/12/2024,20:00,The Old Bar,"74-76 Johnston St, Fitzroy VIC 3065, Australia",https://www.facebook.com/events/2235427943500413/
New Year's DJ Bash At Stamford Plaza Melbourne,31/12/2024,21:30,Stamford Plaza Melbourne,"111 Little Collins St, Melbourne VIC 3000, Australia",https://www.facebook.com/events/1055170402816968/
New Year's Eve 2024 Colour Carnival Party ,31/12/2024,19:00,Melrose Events,"2 Carrick Dr, Tullamarine VIC 3043, Australia",https://www.facebook.com/events/1089946612117986/
WHITE NIGHT ‚ÄúPOPS‚Äù Dutch Club Carnegie N.Y.E -Party,31/12/2024,19:00,Carnegie Hall,"60 Rosstown Rd, Carnegie VIC 3163, Australia",https://www.facebook.com/events/1047481486819074/
FRENZEE - NYE ALBUM LAUNCH at The Old Bar,31/12/2024,19:00,The Old Bar,"74-76 Johnston St, Fitzroy VIC 3065, Australia",https://www.facebook.com/events/1011124097454591/
"New Years Eve 2024/25 - Harbour Kitchen, Docklands Waterfront",31/12/2024,19:00,Harbour Kitchen,"Shop1/800 Bourke St, Docklands VIC 3008, Australia",https://www.facebook.com/events/880477334054142/
Elysium Goth Night New Years' Eve 2024,31/12/2024,21:00,24 Moons,"2 Arthurton Rd, Northcote VIC 3070, Australia",https://www.facebook.com/events/411903715202020/
NEW YEARS EMO: 2024,31/12/2024,20:00,EMO NEVER SLEEPS,"629 Bourke St, Melbourne VIC 3004, Australia",https://www.facebook.com/events/1892210754579999/
New Year's Eve at Taxi Kitchen!,31/12/2024,19:30,Taxi Kitchen,"Taxi Kitchen, Transport Hotel, Level 1 Federation Square, Melbourne VIC 3000, Australia",https://www.facebook.com/events/1955292528268444/
New Year's Eve Dinner: A Culinary Countdown,31/12/2024,18:00,Stamford Plaza Melbourne,"111 Little Collins St, Melbourne VIC 3000, Australia",https://www.facebook.com/events/460401196531971/
Melbourne Renegades v Adelaide Strikers,2/01/2025,19:15,Marvel Stadium,"740 Bourke St, Docklands VIC 3008, Australia",https://www.facebook.com/events/806023411614924/
Sugababes,3/01/2025,0:00,Festival Hall,"300 Dudley St, West Melbourne VIC 3003, Australia",https://www.facebook.com/events/896820248708081/
Hot Chip (DJ Set - UK) ‚Äî Revolver Fridays,3/01/2025,22:00,Revolver Upstairs,"Level 2/229 Chapel St, Prahran VIC 3181, Australia",https://www.facebook.com/events/437393452327240/
Legends in Concert ,9/01/2025,19:30,Juke's Karaoke Crown Melbourne,"Level 1 Metropol precinct, Crown Melbourne, 8 Whiteman St, Southbank VIC 3006, Australia",https://www.facebook.com/events/1154047275692684/
No Regrets - The Edith Piaf Story (Paris Cat Jazz Club),9/01/2025,19:30,Paris Cat Jazz Club,"6 Goldie Pl, Melbourne VIC 3000, Australia",https://www.facebook.com/events/918127910185251/
Rufus Wainwright,10/01/2025,19:30,Melbourne Recital Centre,"31 Sturt St, Southbank VIC 3006, Australia",https://www.facebook.com/events/2477068575834143/
South Yarra Puppy Pub Crawl,12/01/2025,15:00,Temperance Hotel,"426 Chapel St, South Yarra VIC 3141, Australia",https://www.facebook.com/events/476113771540134/
Melbourne Renegades v Melbourne Stars,12/01/2025,19:15,Marvel Stadium,"740 Bourke St, Docklands VIC 3008, Australia",https://www.facebook.com/events/1075760594125925/
Benson Boone,16/01/2025,20:00,Festival Hall,"300 Dudley St, West Melbourne VIC 3003, Australia",https://www.facebook.com/events/3773086809629510/
Benson Boone,17/01/2025,20:00,Festival Hall,"300 Dudley St, West Melbourne VIC 3003, Australia",https://www.facebook.com/events/1484740649070879/
This Never Happened 2025 | Naarm/Melbourne,17/01/2025,20:00,170 Russell,"170 Russell St, Melbourne VIC 3000, Australia",https://www.facebook.com/events/975953531218310/
Melbourne Renegades v Brisbane Heat,18/01/2025,17:00,Marvel Stadium,"740 Bourke St, Docklands VIC 3008, Australia",https://www.facebook.com/events/1208951153488573/
Carnegie Hall - Dutch Club,18/01/2025,19:00,Carnegie Hall,"60 Rosstown Rd, Carnegie VIC 3163, Australia",https://www.facebook.com/events/527728613533913/
I See Stars // Melbourne // Max Watts // + Wind Walkers // 18+,22/01/2025,19:00,Max Watts,"125 Swanston St, Melbourne VIC 3000, Australia",https://www.facebook.com/events/8298745216878326/
Vengaboys - 90's Mania,24/01/2025,19:30,Festival Hall,"300 Dudley St, West Melbourne VIC 3003, Australia",https://www.facebook.com/events/1276774176572619/
Soft Play | Melbourne,27/01/2025,19:00,170 Russell,"170 Russell St, Melbourne VIC 3000, Australia",https://www.facebook.com/events/853786726543518/
"10TH ANNIVERSARY OF ""RUDE"" MAGIC! AUSTRALIA TOUR | WEDNESDAY 29 JANUARY | 170 RUSSELL, MELBOURNE",29/01/2025,19:30,170 Russell,"170 Russell St, Melbourne VIC 3000, Australia",https://www.facebook.com/events/1220043875653446/
The Flaming Lips perform Yoshimi Battles the Pink Robots,1/02/2025,18:30,Festival Hall,"300 Dudley St, West Melbourne VIC 3003, Australia",https://www.facebook.com/events/1030591665135268/
Wheatus (Acoustic) - Dirtbags Across Australia Tour at The Thornbury Theatre ,1/02/2025,20:00,The Thornbury Theatre,"859 High St, Thornbury VIC 3071, Australia",https://www.facebook.com/events/1197972961278342/
Windwaker 'Hyperviolence' Aus Tour ‚Äì Melbourne ,7/02/2025,18:15,170 Russell,"170 Russell St, Melbourne VIC 3000, Australia",https://www.facebook.com/events/1054140219544876/
LUKE COMBS UNOFFICIAL AFTER PARTY | Melbourne | Fri Feb 7,7/02/2025,21:00,Bourke Street Courtyard,"629 Bourke St, Melbourne VIC 3004, Australia",https://www.facebook.com/events/801690638663037/
Luke Combs - Live in Australia 2025,7/02/2025,18:00,Marvel Stadium,"740 Bourke St, Docklands VIC 3008, Australia",https://www.facebook.com/events/1255189179254440/
LUKE COMBS AFTERPARTY MELBOURNE SAT 8TH FEB,8/02/2025,22:00,La Di Da,"577 Little Bourke St, Melbourne VIC 3000, Australia",https://www.facebook.com/events/896958235663149/
Luke Combs - Live in Australia 2025,8/02/2025,18:00,Marvel Stadium,"740 Bourke St, Docklands VIC 3008, Australia",https://www.facebook.com/events/1683279058883376/
ANTS Melbourne 2025,14/02/2025,21:00,170 Russell,"170 Russell St, Melbourne VIC 3000, Australia",https://www.facebook.com/events/944660744157449/
Groove Dimension - Dutch Club Carnegie return!!,15/02/2025,19:00,Carnegie Hall,"60 Rosstown Rd, Carnegie VIC 3163, Australia",https://www.facebook.com/events/3868506873418063/
Ups and Downs 40th Anniversary Show - Marrickville,8/03/2025,19:30,The Flying Saucer Club,"979-985 Nepean Hwy, Moorabbin VIC 3189, Australia",https://www.facebook.com/events/1206888597048281/
"EUROGLIDERS & KIDS IN THE KITCHEN. Sunday 9 March Palms at Crown  "" Labour Day Weekend"" On Sale",9/03/2025,19:30,Juke's Karaoke Crown Melbourne,"Level 1 Metropol precinct, Crown Melbourne, 8 Whiteman St, Southbank VIC 3006, Australia",https://www.facebook.com/events/1201034088031180/
"PJ Harvey - Plenary at MCEC, Melbourne ",11/03/2025,18:00,Melbourne Convention and Exhibition Centre (MCEC),"1 Convention Centre Pl, South Wharf VIC 3006, Australia",https://www.facebook.com/events/1238902004087964/
Ups and Downs 40th Anniversary Show - Brisbane,14/03/2025,20:00,The Flying Saucer Club,"979-985 Nepean Hwy, Moorabbin VIC 3189, Australia",https://www.facebook.com/events/1018478273378081/
Kings of Country Rock ‚Äì Eagles Vs Creedence ‚Äì Palms At Crown Melbourne,15/03/2025,19:30,Juke's Karaoke Crown Melbourne,"Level 1 Metropol precinct, Crown Melbourne, 8 Whiteman St, Southbank VIC 3006, Australia",https://www.facebook.com/events/1060146635239964/
Wild Rivers 'Everywhere We Go' Australian Tour - Melbourne,21/03/2025,20:00,Prince Bandroom,"29 Fitzroy St, St Kilda VIC 3182, Australia",https://www.facebook.com/events/1738744823645529/
Ups and Downs 40th Anniversary Show - Brunswick,22/03/2025,18:30,The Flying Saucer Club,"979-985 Nepean Hwy, Moorabbin VIC 3189, Australia",https://www.facebook.com/events/519773777548154/
Monster Truck Mania Live 2025 Melbourne,3/05/2025,13:30,Rod Laver Arena,"200 Batman Ave, Melbourne VIC 3004, Australia",https://www.facebook.com/events/827132342603232/
British & Irish Lions v TBA,22/07/2025,20:00,Marvel Stadium,"740 Bourke St, Docklands VIC 3008, Australia",https://www.facebook.com/events/1373380116690537/
The Maes at the Northcote Social Club with The Double Dole Stringband,27/11/2024,19:30,Northcote Social Club,"301 High St, Northcote VIC 3070, Australia",https://www.facebook.com/events/934591592203455/
"Black Aleph album launch w/ Ghostsmoker, Treebeard & Skin Thief",28/11/2024,19:30,Northcote Social Club,"301 High St, Northcote VIC 3070, Australia",https://www.facebook.com/events/7948972465204201/
"Mousik-ŒØ Festival 2024- Featuring Anatreptix, Cats & the Canary, Delyrium and H Division ",30/11/2024,19:30,Northcote Social Club,"301 High St, Northcote VIC 3070, Australia",https://www.facebook.com/events/977051831099353/
Debut Album Launch // Int Day of People with Disability Celebration,1/12/2024,13:00,Northcote Social Club,"301 High St, Northcote VIC 3070, Australia",https://www.facebook.com/events/2932385930235820/
Stilla (STILLAVERSE Live),1/12/2024,20:00,Northcote Social Club,"301 High St, Northcote VIC 3070, Australia",https://www.facebook.com/events/571789725522311/
SISTER PAUL (Jpn) FREE @ NSC for Social Sanctuary + COLD REGARDS & The Cars That Ate Paris 2nd Dec,2/12/2024,19:00,Northcote Social Club,"301 High St, Northcote VIC 3070, Australia",https://www.facebook.com/events/461738856322243/
Bully Hay - Black Dogs and Songbirds Tour - Northcote Social Club (VIC),4/12/2024,20:00,Northcote Social Club,"301 High St, Northcote VIC 3070, Australia",https://www.facebook.com/events/1118010066694484/
Blusher - Melbourne Headline Show,5/12/2024,19:00,Northcote Social Club,"301 High St, Northcote VIC 3070, Australia",https://www.facebook.com/events/3742447942677245/
"Hot Water Music - 170 Russell, Melbourne ",21/02/2025,19:00,170 Russell,"170 Russell St, Melbourne VIC 3000, Australia",https://www.facebook.com/events/938976641319517/
"Reuben De Melo @ Melbourne Public, VIC (*ALL AGES)",8/12/2024,14:30,Melbourne Public,"11 Dukes Walk, South Wharf VIC 3006, Australia",https://www.facebook.com/events/450388088082419/
Stone Lucid Debut Performance - at Open Studio!,26/11/2024,19:00,Open Studio,"204 High St, Northcote VIC 3070, Australia",https://www.facebook.com/events/559723309933956/
Oliver Downes + Mel Taylor - Feature show at Open Studio ,27/11/2024,19:30,Open Studio,"204 High St, Northcote VIC 3070, Australia",https://www.facebook.com/events/892283035769495/
Fotis Vergopoulos + Con kalamaras - Special Feature Show at Open Studio,28/11/2024,20:00,Open Studio,"204 High St, Northcote VIC 3070, Australia",https://www.facebook.com/events/459221979958770/
Lottie Davitt with the Ibis Island band.,29/11/2024,18:30,Open Studio,"204 High St, Northcote VIC 3070, Australia",https://www.facebook.com/events/580292704323252/
G TANO - FAREWELL OPEN STUDIO !,29/11/2024,21:00,Open Studio,"204 High St, Northcote VIC 3070, Australia",https://www.facebook.com/events/528218920102132/
Ella Fence & Danii: Indie Pop meets RnB - at Open Studio,30/11/2024,19:00,Open Studio,"204 High St, Northcote VIC 3070, Australia",https://www.facebook.com/events/979600963925160/
FREE ENTRY  CONTE MILANO - Cocktails and Grooves! ,30/11/2024,21:00,Open Studio,"204 High St, Northcote VIC 3070, Australia",https://www.facebook.com/events/567092599098608/
 ÔªøZorz√°l Tango at open Studio ,2/12/2024,19:30,Open Studio,"204 High St, Northcote VIC 3070, Australia",https://www.facebook.com/events/478767035168808/
Musicland Community Choir in Bebe's Bar @ MUSICLAND,27/11/2024,19:00,Musicland Melbourne,"1359 Sydney Rd, Fawkner VIC 3060, Australia",https://www.facebook.com/events/392049400005701/
Musicland Community Choir in Bebe's Bar @ MUSICLAND,27/11/2024,19:00,Musicland Melbourne,"1359 Sydney Rd, Fawkner VIC 3060, Australia",https://www.facebook.com/events/392049400005701/?event_time_id=392049476672360
Suck My Kiss - The Aus Red Hot Chili Peppers Tribute - with Killing in the Dame ,29/11/2024,19:00,Musicland Melbourne,"1359 Sydney Rd, Fawkner VIC 3060, Australia",https://www.facebook.com/events/984429260101844/
GN'R - Guns & Roses | The Aus Motley Crue Show | RIOT ACT - Skid Row,30/11/2024,19:00,Musicland Melbourne,"1359 Sydney Rd, Fawkner VIC 3060, Australia",https://www.facebook.com/events/855251476329965/
Bebe's Bar - Beyond Vegas - ALBUM LAUNCH,30/11/2024,19:00,Musicland Melbourne,"1359 Sydney Rd, Fawkner VIC 3060, Australia",https://www.facebook.com/events/868742255350339/
Sunday Fundays - THE HERBERTS LAST SHOW AT MUSICLAND FOR 2024!,1/12/2024,14:00,Musicland Melbourne,"1359 Sydney Rd, Fawkner VIC 3060, Australia",https://www.facebook.com/events/858666056479424/
Musicland Community Choir in Bebe's Bar @ MUSICLAND,27/11/2024,19:00,Musicland Melbourne,"1359 Sydney Rd, Fawkner VIC 3060, Australia",https://www.facebook.com/events/392049400005701/?event_time_id=392049480005693
1927 - THE REAL 1927 we all remember & LOVE,6/12/2024,19:00,Musicland Melbourne,"1359 Sydney Rd, Fawkner VIC 3060, Australia",https://www.facebook.com/events/1777316096423447/
Claire Birchall's  'The Haunting' Album Launch,7/12/2024,20:00,Cactus Room,"614 High St, Thornbury VIC 3071, Australia",https://www.facebook.com/events/1739497739930389/
Spooky Friday - House of Light ( last gig in Australia) with Penny Ikinger's Marbles+Esse & Nilstock,13/12/2024,8:00,Cactus Room,"614 High St, Thornbury VIC 3071, Australia",https://www.facebook.com/events/1504513676928278/
"Xmas bash featuring Brown Spirits, Zelkova and more ..",14/12/2024,20:00,Cactus Room,"614 High St, Thornbury VIC 3071, Australia",https://www.facebook.com/events/549871414329915/
Always Live presents Dug By Us live podcast show,30/11/2024,13:00,The Workers Club,"51 Brunswick St, Fitzroy VIC 3065, Australia",https://www.facebook.com/events/2262996257393322/
"Little Quirks - The Workers Club, FITZROY, VIC",30/11/2024,19:00,The Workers Club,"51 Brunswick St, Fitzroy VIC 3065, Australia",https://www.facebook.com/events/340764539005256/
Matinee: Day One ,1/12/2024,13:00,The Workers Club,"51 Brunswick St, Fitzroy VIC 3065, Australia",https://www.facebook.com/events/860269399636213/
Sugargum @ The Workers Club ,1/12/2024,19:00,The Workers Club,"51 Brunswick St, Fitzroy VIC 3065, Australia",https://www.facebook.com/events/1469374653737888/
"Michael Ward Australian Tour - Workers Club, Fitzroy with Ally Row + HAZEL & The thief",7/12/2024,13:30,The Workers Club,"51 Brunswick St, Fitzroy VIC 3065, Australia",https://www.facebook.com/events/542160445024593/
Sagittarian BDAY BASH @ The Workers Club,8/12/2024,19:00,The Workers Club,"51 Brunswick St, Fitzroy VIC 3065, Australia",https://www.facebook.com/events/887595866259743/
PLEASERS A.D. & GRAVE RISK ,27/11/2024,19:00,The Last Chance,"238 Victoria St, Melbourne VIC 3000, Australia",https://www.facebook.com/events/851626583802872/
DARTZ (NZ) live at Last Chance with ROMCOM & Hail Mary Jane,30/11/2024,19:00,The Last Chance,"238 Victoria St, Melbourne VIC 3000, Australia",https://www.facebook.com/events/2277593902595044/
Mailey Mayhem with Left At The Avenue and A Stationary Frame ,1/12/2024,15:00,The Last Chance,"238 Victoria St, Melbourne VIC 3000, Australia",https://www.facebook.com/events/1276625326842437/
SNAILGUN - GUN LAWS - THE NOVA FIENDS @ LAST CHANCE,5/12/2024,20:00,The Last Chance,"238 Victoria St, Melbourne VIC 3000, Australia",https://www.facebook.com/events/2117098502038765/
BELLHOP vs LEGAL NOISE (TAS),6/12/2024,19:00,The Last Chance,"238 Victoria St, Melbourne VIC 3000, Australia",https://www.facebook.com/events/1279653323081333/
MELBOURNE - 10 YEARS ,7/12/2024,20:00,The Last Chance,"238 Victoria St, Melbourne VIC 3000, Australia",https://www.facebook.com/events/811060947699669/
CHOOF & MISERABLE CREATURE,11/12/2024,19:00,The Last Chance,"238 Victoria St, Melbourne VIC 3000, Australia",https://www.facebook.com/events/555497527431855/
"R.M.F.C, The Shifters, Sleeper & Snake live at the last chance",13/12/2024,19:00,The Last Chance,"238 Victoria St, Melbourne VIC 3000, Australia",https://www.facebook.com/events/1255920595431921/
Drag Bingo - Christmas Edition,20/12/2024,19:30,Lona St Kilda,"Unit 64/66 Acland St, St Kilda VIC 3182, Australia",https://www.facebook.com/events/3827186064186775/
Van Walker with special guest Freya Hollick | The Ember Lounge,28/11/2024,19:00,MEMO Music Hall,"88 Acland St, St Kilda VIC 3182, Australia",https://www.facebook.com/events/1067057465206806/
Buena Vista Social Club | MEMO Music Hall,29/11/2024,19:00,MEMO Music Hall,"88 Acland St, St Kilda VIC 3182, Australia",https://www.facebook.com/events/1035953444748142/
The Gadflys | MEMO Music Hall,30/11/2024,19:00,MEMO Music Hall,"88 Acland St, St Kilda VIC 3182, Australia",https://www.facebook.com/events/986751182953996/
Beatles Legacy | MEMO Music Hall,1/12/2024,16:00,MEMO Music Hall,"88 Acland St, St Kilda VIC 3182, Australia",https://www.facebook.com/events/947678549775611/
One Intimate Night with Reece Mastin | MEMO Music Hall,6/12/2024,19:00,MEMO Music Hall,"88 Acland St, St Kilda VIC 3182, Australia",https://www.facebook.com/events/2947316355436720/
A CRACKER KRANSKY CHRISTMAS with THE KRANSKY SISTERS | MEMO Music Hall - MELBOURNE,7/12/2024,15:30,MEMO Music Hall,"88 Acland St, St Kilda VIC 3182, Australia",https://www.facebook.com/events/1077738403774124/
A CRACKER KRANSKY CHRISTMAS with THE KRANSKY SISTERS | MEMO Music Hall - MELBOURNE,7/12/2024,15:30,MEMO Music Hall,"88 Acland St, St Kilda VIC 3182, Australia",https://www.facebook.com/events/1077738403774124/?event_time_id=1113987776815853
Cherry x Addictions (Double Headliner),29/11/2024,19:30,Howler,"7-11 Dawson St, Brunswick VIC 3056, Australia",https://www.facebook.com/events/563744352679178/
"Gallery Recs - Glaze ft. Amaliah (UK), Human Movement, Stev Zar & Ruby May Moon",30/11/2024,14:00,Howler,"7-11 Dawson St, Brunswick VIC 3056, Australia",https://www.facebook.com/events/8705244386185188/
150 BPM X SALTARE PRES: V:SONNTAG [GERMANY],7/12/2024,19:00,Howler,"7-11 Dawson St, Brunswick VIC 3056, Australia",https://www.facebook.com/events/1926736231145832/
Rave Signal,15/12/2024,13:00,Howler,"7-11 Dawson St, Brunswick VIC 3056, Australia",https://www.facebook.com/events/2821725668004493/
Summer Breaks Feat. STANTON WARRIORS (UK),22/12/2024,14:00,Howler,"7-11 Dawson St, Brunswick VIC 3056, Australia",https://www.facebook.com/events/1268600394506314/
 FREE SUNDAY LIVE MUSIC | Peter Sullivan Trio,1/12/2024,14:00,arcobar heatherton,"8 Arco Ln, Heatherton VIC 3202, Australia",https://www.facebook.com/events/1986174348562490/
(SOLD OUT) SINGSONGS: Christmas Edition,4/12/2024,18:30,arcobar heatherton,"8 Arco Ln, Heatherton VIC 3202, Australia",https://www.facebook.com/events/3834739490186612/
The Everly Brothers & Buddy Holly Tribute | Performed By RICK GAUCI & STEVE BURNS ,5/12/2024,18:30,arcobar heatherton,"8 Arco Ln, Heatherton VIC 3202, Australia",https://www.facebook.com/events/1138196443943231/
(Last Table!) COME TOGETHER: The Music of The Beatles Tribute,6/12/2024,18:30,arcobar heatherton,"8 Arco Ln, Heatherton VIC 3202, Australia",https://www.facebook.com/events/1900967290411691/
(SOLD OUT) Frankie Valli & The 4 Seasons VS. Beach Boys | Dinner & Show,7/12/2024,18:30,arcobar heatherton,"8 Arco Ln, Heatherton VIC 3202, Australia",https://www.facebook.com/events/1011593337087604/
T-REK REVS20 ‚Äî Revolver Sundays,1/12/1900,19:00,Revolver Upstairs,"Level 2/229 Chapel St, Prahran VIC 3181, Australia",https://www.facebook.com/events/425731170326645/
SoC- Spring #47,6/12/2024,17:00,Revolver Upstairs,"Level 2/229 Chapel St, Prahran VIC 3181, Australia",https://www.facebook.com/events/1063247328881371/
Eddie Hale: 'Vanishing Point' Album Launch ‚Äî Denude Records x Revolver Fridays,6/12/2024,22:00,Revolver Upstairs,"Level 2/229 Chapel St, Prahran VIC 3181, Australia",https://www.facebook.com/events/2873600136151357/
"BAND FROM HELL (PERTH) - The Best Of Pop-Punk, Nu-Metal & Rock | Revolver Melbourne",13/12/2024,19:00,Revolver Upstairs,"Level 2/229 Chapel St, Prahran VIC 3181, Australia",https://www.facebook.com/events/1257750862070412/
Huminal (NL) ‚Äî Ugenius & Revolver Fridays,13/12/2024,22:00,Revolver Upstairs,"Level 2/229 Chapel St, Prahran VIC 3181, Australia",https://www.facebook.com/events/533490512993807/
BLAK STAGE 5TH BDAY PARTY feat. YUNG WARRIORS,26/11/2024,18:00,Retreat Hotel,"Level 1/280 Sydney Rd, Brunswick VIC 3056, Australia",https://www.facebook.com/events/1123605645858560/
"Bleeding Live at The Retreat Hotel with Rickfean, Momoko Rose, & The Frud",27/11/2024,19:00,Retreat Hotel,"Level 1/280 Sydney Rd, Brunswick VIC 3056, Australia",https://www.facebook.com/events/9589668451095704/
Gordon Koang,7/12/2024,14:00,Retreat Hotel,"Level 1/280 Sydney Rd, Brunswick VIC 3056, Australia",https://www.facebook.com/events/585286370841289/
"(Fri, Nov 29) BLACKBIRDS F.C. (Single Launch) + MEGAN MAIKE",29/11/2024,19:00,George Lane St Kilda,"1 George Ln, St Kilda VIC 3182, Australia",https://www.facebook.com/events/2888956524605191/
"(Sat, Nov 30) PEPPERCREEK REVIVAL (George Lane Matinee Sessions)",30/11/2024,14:30,George Lane St Kilda,"1 George Ln, St Kilda VIC 3182, Australia",https://www.facebook.com/events/517026814446745/
"(Sun, Dec 1) THIS IS JONI - THE MUSIC OF JONI MITCHELL",1/12/2024,14:30,George Lane St Kilda,"1 George Ln, St Kilda VIC 3182, Australia",https://www.facebook.com/events/1238225203958014/
Riley Catherall (Band Show) St Kilda ALBUM LAUNCH George Lane,5/12/2024,19:00,George Lane St Kilda,"1 George Ln, St Kilda VIC 3182, Australia",https://www.facebook.com/events/2888228231341123/
"(Fri, Dec 6) BARB WATERS",6/12/2024,19:00,George Lane St Kilda,"1 George Ln, St Kilda VIC 3182, Australia",https://www.facebook.com/events/1114208440321339/
"(Sat, Dec 7) THE CARTRIDGE FAMILY (George Lane Matinee Sessions)",7/12/2024,14:30,George Lane St Kilda,"1 George Ln, St Kilda VIC 3182, Australia",https://www.facebook.com/events/1235450207724200/
MORBID MONDAYS AT OLD BAR - DECEMBER 2ND - USER & calyx - FREE ENTRY,2/12/2024,20:00,The Old Bar,"74-76 Johnston St, Fitzroy VIC 3065, Australia",https://www.facebook.com/events/1102936667886372/
The Rartel & Planets Caravan At The Old Bar,8/12/2024,16:00,The Old Bar,"74-76 Johnston St, Fitzroy VIC 3065, Australia",https://www.facebook.com/events/1233080594682590/
Hachiku & Vigilantonie @ The Merri Creek Tavern,27/11/2024,19:00,The Merri Creek Tavern,"111 High St, Northcote VIC 3070, Australia",https://www.facebook.com/events/1188087808931212/
3 Duos,28/11/2024,20:00,The Merri Creek Tavern,"111 High St, Northcote VIC 3070, Australia",https://www.facebook.com/events/598004375890718/
Hudson Macushla 'Tried' single launch with Abby Sunborn at Merri Creek Tavern ,29/11/2024,19:30,The Merri Creek Tavern,"111 High St, Northcote VIC 3070, Australia",https://www.facebook.com/events/483483040677607/
Hedy Blaazer with Jim Dusty at Merri Creek Tavern (Naarm),6/12/2024,20:30,The Merri Creek Tavern,"111 High St, Northcote VIC 3070, Australia",https://www.facebook.com/events/1531114227545847/
Strawberry Prince & Planet Pain at the Merri Creek Tavern,12/12/2024,20:30,The Merri Creek Tavern,"111 High St, Northcote VIC 3070, Australia",https://www.facebook.com/events/967472782075826/
Henn & Stella Dunai @ The Merri Creek Tavern,13/12/2024,20:30,The Merri Creek Tavern,"111 High St, Northcote VIC 3070, Australia",https://www.facebook.com/events/3771032966470651/
Simon Joyner and the Eucalypts - SOLO and FULL BAND,9/03/2025,16:00,The Merri Creek Tavern,"111 High St, Northcote VIC 3070, Australia",https://www.facebook.com/events/619076600449088/
Family Fun Day,15/12/2024,13:00,Sunshine City Club,"24 Talmage St, Albion VIC 3020, Australia",https://www.facebook.com/events/2585079715009650/
MDR Million Dollar Riff... Farewell Gig,7/12/2024,20:00,Lucky 13 Garage,"8 Cochranes Rd, Moorabbin VIC 3189, Australia",https://www.facebook.com/events/571689638547512/
GROOVE DIMENSION 70s Funk RnB Disco,13/12/2024,20:00,Lucky 13 Garage,"8 Cochranes Rd, Moorabbin VIC 3189, Australia",https://www.facebook.com/events/1059289125439758/
"Dux Nuts, Showcasing Great Oz Rock",14/12/2024,20:00,Lucky 13 Garage,"8 Cochranes Rd, Moorabbin VIC 3189, Australia",https://www.facebook.com/events/1603161406938275/
The G-Funk Band ,20/12/2024,20:00,Lucky 13 Garage,"8 Cochranes Rd, Moorabbin VIC 3189, Australia",https://www.facebook.com/events/465270696541899/
TRIVIA hosted by COMFORTABLY FUN,26/11/2024,19:00,Mamma Chen's,"42A Albert St, Footscray VIC 3011, Australia",https://www.facebook.com/events/3907037559579420/
OPEN MIC,27/11/2024,19:00,Mamma Chen's,"42A Albert St, Footscray VIC 3011, Australia",https://www.facebook.com/events/8182491308521964/
TRIVIA hosted by COMFORTABLY FUN,26/11/2024,19:00,Mamma Chen's,"42A Albert St, Footscray VIC 3011, Australia",https://www.facebook.com/events/3907037559579420/?event_time_id=3907037562912753
OPEN MIC,27/11/2024,19:00,Mamma Chen's,"42A Albert St, Footscray VIC 3011, Australia",https://www.facebook.com/events/8182491308521964/?event_time_id=8182491318521963
Assorted Sporks - November 28th,28/11/2024,19:00,Mamma Chen's,"42A Albert St, Footscray VIC 3011, Australia",https://www.facebook.com/events/976446270953948/
ALWAYS LIVE and Arts Access Victoria Presents: WESTSIDE SNUG ROCK,29/11/2024,17:30,Mamma Chen's,"42A Albert St, Footscray VIC 3011, Australia",https://www.facebook.com/events/566229132473425/
Daisypicker @ Mamma Chen‚Äôs with April May & Lucy Harrington,30/11/2024,14:00,Mamma Chen's,"42A Albert St, Footscray VIC 3011, Australia",https://www.facebook.com/events/1194216934967309/
CARABINERS / Fundraiser for Stell's Gender Affirmation,30/11/2024,19:00,Mamma Chen's,"42A Albert St, Footscray VIC 3011, Australia",https://www.facebook.com/events/1591460438244444/
Dirty Rats Xmas Break Up with Special Guests New Age !,7/12/2024,19:00,Mr Boogie Man Bar,"160 Hoddle St, Abbotsford VIC 3067, Australia",https://www.facebook.com/events/454925357235617/
Sneak Peak of Sticky Carpet 2025 at Mr Boogie Man Bar.,19/12/2024,20:00,Mr Boogie Man Bar,"160 Hoddle St, Abbotsford VIC 3067, Australia",https://www.facebook.com/events/560463340264029/
SydneLaide Invasion of Metal Devastation 2025,1/01/2099,0:00,Mr Boogie Man Bar,"160 Hoddle St, Abbotsford VIC 3067, Australia",https://www.facebook.com/events/605369958585056/
The Tonalists @ Bar 303,15/12/2024,17:00,Bar 303,"303 High St, Northcote VIC 3070, Australia",https://www.facebook.com/events/1094027902250562/
Spoken Word @ Bar Oussou!,26/11/2024,19:30,Bar Oussou,"653 Sydney Rd, Brunswick VIC 3056, Australia",https://www.facebook.com/events/492572360256978/
Open Mic @ BAR OUSSOU! ,27/11/2024,19:30,Bar Oussou,"653 Sydney Rd, Brunswick VIC 3056, Australia",https://www.facebook.com/events/844277771021573/
Spoken Word @ Bar Oussou!,26/11/2024,19:30,Bar Oussou,"653 Sydney Rd, Brunswick VIC 3056, Australia",https://www.facebook.com/events/492572360256978/?event_time_id=492572386923642
Open Mic @ BAR OUSSOU! ,27/11/2024,19:30,Bar Oussou,"653 Sydney Rd, Brunswick VIC 3056, Australia",https://www.facebook.com/events/844277771021573/?event_time_id=844277807688236
Queen Rhi & The Velveteers @ BAR OUSSOU!,28/11/2024,20:00,Bar Oussou,"653 Sydney Rd, Brunswick VIC 3056, Australia",https://www.facebook.com/events/1562264308501104/
Max K√∂nig @ BAR OUSSOU! ,29/11/2024,22:00,Bar Oussou,"653 Sydney Rd, Brunswick VIC 3056, Australia",https://www.facebook.com/events/1080658566695749/
AFRO MOSES - The Spirit of Bob Marley/ Lucky Dube @ BAR OUSSOU!,30/11/2024,18:00,Bar Oussou,"653 Sydney Rd, Brunswick VIC 3056, Australia",https://www.facebook.com/events/544873758255336/
Beat Science @ BAR OUSSOU!,30/11/2024,22:00,Bar Oussou,"653 Sydney Rd, Brunswick VIC 3056, Australia",https://www.facebook.com/events/943993847787122/
HAMISH ANDERSON -  ELECTRIC ALBUM LAUNCH ,30/11/2024,19:30,The Toff,"2f/252 Swanston St, Melbourne VIC 3000, Australia",https://www.facebook.com/events/1263990794639927/
The Tram Tracks Tour 2024 @ The Toff In Town,14/12/2024,14:00,The Toff,"2f/252 Swanston St, Melbourne VIC 3000, Australia",https://www.facebook.com/events/1759618528161451/
An Evening with Andrew De Silva,29/11/2024,18:00,Bird's Basement,"11 Singers Ln, Melbourne VIC 3000, Australia",https://www.facebook.com/events/1020671796414112/
Grand WaZoo,30/11/2024,18:00,Bird's Basement,"11 Singers Ln, Melbourne VIC 3000, Australia",https://www.facebook.com/events/857820862910756/
The Jazz Alchemists,4/12/2024,18:00,Bird's Basement,"11 Singers Ln, Melbourne VIC 3000, Australia",https://www.facebook.com/events/529828959832072/
B# Big Band with Ross Wilson,5/12/2024,18:00,Bird's Basement,"11 Singers Ln, Melbourne VIC 3000, Australia",https://www.facebook.com/events/1188540485786119/
Kevin Borich Express,6/12/2024,18:00,Bird's Basement,"11 Singers Ln, Melbourne VIC 3000, Australia",https://www.facebook.com/events/941943751083077/
Jemma Cher,7/12/2024,18:00,Bird's Basement,"11 Singers Ln, Melbourne VIC 3000, Australia",https://www.facebook.com/events/505689158774765/
The Beatnik Preachers Live & Free at FAD Gallery Bar Thursday 28th of November!!!,28/11/2024,20:30,Fad Gallery Bar,"14 Corrs Ln, Melbourne VIC 3000, Australia",https://www.facebook.com/events/528811026812453/
Vaudeville Smash | Christmas Spectacular | Brunswick Ballroom | with Zevon Lee,30/11/2024,19:00,Brunswick Ballroom,"314 Sydney Rd, Brunswick VIC 3056, Australia",https://www.facebook.com/events/451153044154591/
MOTEL by Tim Ross & Kit Warhurst | Brunswick Ballroom,1/12/2024,18:30,Brunswick Ballroom,"314 Sydney Rd, Brunswick VIC 3056, Australia",https://www.facebook.com/events/1559389414934099/
Fotis Vergopoulos | Brunswick Ballroom,5/12/2024,18:30,Brunswick Ballroom,"314 Sydney Rd, Brunswick VIC 3056, Australia",https://www.facebook.com/events/1498695320776780/
Joe Camilleri & The Black Sorrows w special guests Doc Halibut @ Brunswick Ballroom,6/12/2024,18:30,Brunswick Ballroom,"314 Sydney Rd, Brunswick VIC 3056, Australia",https://www.facebook.com/events/819422953234413/
Vox Chops | Brunswick Ballroom,7/12/2024,13:00,Brunswick Ballroom,"314 Sydney Rd, Brunswick VIC 3056, Australia",https://www.facebook.com/events/920552363157486/
LandDownUnder In Concert - When AusMusic Took The 80's By Storm | Brunswick Ballroom,7/12/2024,18:30,Brunswick Ballroom,"314 Sydney Rd, Brunswick VIC 3056, Australia",https://www.facebook.com/events/1946164542524493/
Rufus Wainwright,10/01/2025,19:30,Melbourne Recital Centre,"31 Sturt St, Southbank VIC 3006, Australia",https://www.facebook.com/events/2477068575834143/?event_time_id=2477068579167476
Rufus Wainwright,10/01/2025,19:30,Melbourne Recital Centre,"31 Sturt St, Southbank VIC 3006, Australia",https://www.facebook.com/events/2477068575834143/?event_time_id=2477068582500809
Woody's Bush Cabaret,22/01/2025,9:30,Melbourne Recital Centre,"31 Sturt St, Southbank VIC 3006, Australia",https://www.facebook.com/events/3575074122786133/
Woody's Bush Cabaret,22/01/2025,9:30,Melbourne Recital Centre,"31 Sturt St, Southbank VIC 3006, Australia",https://www.facebook.com/events/3575074122786133/?event_time_id=3575074126119466
PLAY DATE by All The Queens Men,22/01/2025,10:30,Melbourne Recital Centre,"31 Sturt St, Southbank VIC 3006, Australia",https://www.facebook.com/events/868972442057756/
Woody's Bush Cabaret,22/01/2025,9:30,Melbourne Recital Centre,"31 Sturt St, Southbank VIC 3006, Australia",https://www.facebook.com/events/3575074122786133/?event_time_id=3575074132786132
Cinderella with Inventi Ensemble,23/01/2025,9:30,Melbourne Recital Centre,"31 Sturt St, Southbank VIC 3006, Australia",https://www.facebook.com/events/1174263241369695/
"[SOLD OUT] Mk.gee at Max Watt's & The Forum, Melbourne (18+)",7/12/1900,19:00,Max Watts,"125 Swanston St, Melbourne VIC 3000, Australia",https://www.facebook.com/events/750848963630229/
[POSTPONED] - Judas Priestess (USA) - Live in Melbourne ,8/12/1900,20:00,Max Watts,"125 Swanston St, Melbourne VIC 3000, Australia",https://www.facebook.com/events/1897115354060500/
"ùêáùêÑùêÉ ùêè.ùêÑ. | Max Watts, Melbourne",7/02/2025,19:00,Max Watts,"125 Swanston St, Melbourne VIC 3000, Australia",https://www.facebook.com/events/1290322788629722/
"God Is An Astronaut Feb 2025 Australia + New Zealand Tour | Max Watts, Melbourne",8/02/2025,19:00,Max Watts,"125 Swanston St, Melbourne VIC 3000, Australia",https://www.facebook.com/events/8570708502952377/
Murran Melbourne,1/01/2099,0:00,Fed Square,"Swanston St &, Flinders St, Melbourne VIC 3000, Australia",https://www.facebook.com/events/559373906716445/
Christmas in the Atrium,1/01/2099,0:00,Fed Square,"Swanston St &, Flinders St, Melbourne VIC 3000, Australia",https://www.facebook.com/events/809375064584060/
The Australian Ballet's The Nutcracker on the Big Screen,12/12/2024,19:30,Fed Square,"Swanston St &, Flinders St, Melbourne VIC 3000, Australia",https://www.facebook.com/events/580378198236956/
Koorie Krismas,14/12/2024,10:00,Fed Square,"Swanston St &, Flinders St, Melbourne VIC 3000, Australia",https://www.facebook.com/events/8255812904524887/
Christmas Outdoor Cinema,16/12/2024,18:00,Fed Square,"Swanston St &, Flinders St, Melbourne VIC 3000, Australia",https://www.facebook.com/events/1234405450947147/
Christmas Outdoor Cinema,16/12/2024,18:00,Fed Square,"Swanston St &, Flinders St, Melbourne VIC 3000, Australia",https://www.facebook.com/events/1234405450947147/?event_time_id=1234405480947144
Christmas Outdoor Cinema,16/12/2024,18:00,Fed Square,"Swanston St &, Flinders St, Melbourne VIC 3000, Australia",https://www.facebook.com/events/1234405450947147/?event_time_id=1234405457613813
Christmas Outdoor Cinema,16/12/2024,18:00,Fed Square,"Swanston St &, Flinders St, Melbourne VIC 3000, Australia",https://www.facebook.com/events/1234405450947147/?event_time_id=1234405477613811
Visceral ,28/11/2024,20:00,24 Moons,"2 Arthurton Rd, Northcote VIC 3070, Australia",https://www.facebook.com/events/8747371932042175/
Love Action Presents Romain FX - ALL NIGHT LONG ,13/12/1900,9:00,24 Moons,"2 Arthurton Rd, Northcote VIC 3070, Australia",https://www.facebook.com/events/485148191233227/
B.I HYPE UP TOUR,6/12/2024,18:30,Festival Hall,"300 Dudley St, West Melbourne VIC 3003, Australia",https://www.facebook.com/events/1496960170949894/
Flow Motion ~ Late Night Jams,28/11/2024,19:00,Kindred Bandroom,"3 Harris St, Footscray VIC 3011, Australia",https://www.facebook.com/events/1259750165171612/
"TGDE & UO present ""The UNDROVTH Showcase""",30/11/2024,20:00,Kindred Bandroom,"3 Harris St, Footscray VIC 3011, Australia",https://www.facebook.com/events/584646327236308/
Legends of Sunbury - 50th Anniversary Tour '74 to '24 // Kindred Bandroom,1/12/2024,13:30,Kindred Bandroom,"3 Harris St, Footscray VIC 3011, Australia",https://www.facebook.com/events/1175465936892121/
Kindred Studios & Sailor Jerry Presents: Battle Of The Bands - HEAT #4,4/12/2024,18:30,Kindred Bandroom,"3 Harris St, Footscray VIC 3011, Australia",https://www.facebook.com/events/8840628915980012/
Keanu Jai  // Thursday Arvo Gig Series,5/12/2024,14:00,Kindred Bandroom,"3 Harris St, Footscray VIC 3011, Australia",https://www.facebook.com/events/462884989589480/
Brolga with Canisha & Robert Champion,6/12/2024,19:00,Kindred Bandroom,"3 Harris St, Footscray VIC 3011, Australia",https://www.facebook.com/events/1001758158383548/
Funny Near The Brunny! - Free Live Comedy Every Monday,2/12/2024,20:00,Bergy Bandroom,"64 Sydney Rd, Brunswick VIC 3056, Australia",https://www.facebook.com/events/1068456871671985/
"IVORIS ""TINY SHINY BEAUTIFUL"" LAUNCH - MELBOURNE",28/11/2024,19:30,Bergy Bandroom,"64 Sydney Rd, Brunswick VIC 3056, Australia",https://www.facebook.com/events/539471155313524/
Dub Divination Sound System Presents... Bergy Session,30/11/2024,20:00,Bergy Bandroom,"64 Sydney Rd, Brunswick VIC 3056, Australia",https://www.facebook.com/events/1236709104203511/
Funny Near The Brunny! - Free Live Comedy Every Monday,2/12/2024,20:00,Bergy Bandroom,"64 Sydney Rd, Brunswick VIC 3056, Australia",https://www.facebook.com/events/1068456871671985/?event_time_id=1068457765005229
Too Tired For Heartache Single Launch,4/12/2024,19:30,Bergy Bandroom,"64 Sydney Rd, Brunswick VIC 3056, Australia",https://www.facebook.com/events/451147214668525/
Gia Ransome 'A Woman Scorned' Tour - Melbourne,5/12/2024,19:30,Bergy Bandroom,"64 Sydney Rd, Brunswick VIC 3056, Australia",https://www.facebook.com/events/581433061161306/
SCARES: Live at the Bergy Bandroom w. Queen Hyena & Gull,7/12/2024,14:00,Bergy Bandroom,"64 Sydney Rd, Brunswick VIC 3056, Australia",https://www.facebook.com/events/1545485366327316/
"Sunday School: Blue Tongue Wizard, Wet Love, Hypnotic State",8/12/2024,16:00,Bergy Bandroom,"64 Sydney Rd, Brunswick VIC 3056, Australia",https://www.facebook.com/events/578201221256142/
"Jack White at The Forum, Melbourne (18+)",9/12/1900,19:00,Forum Melbourne,"154 Flinders St, Melbourne VIC 3000, Australia",https://www.facebook.com/events/1658152661400722/
RINI - Somewhere in Time Tour | Naarm/Melbourne,14/12/2024,19:30,Forum Melbourne,"154 Flinders St, Melbourne VIC 3000, Australia",https://www.facebook.com/events/1326177275419144/
"Ben Abraham at Forum Melbourne, Melbourne (16+)",20/12/2024,19:00,Forum Melbourne,"154 Flinders St, Melbourne VIC 3000, Australia",https://www.facebook.com/events/939565904672878/
Meg Washington The Hook Tour,21/12/2024,19:05,Forum Melbourne,"154 Flinders St, Melbourne VIC 3000, Australia",https://www.facebook.com/events/1050478159591938/
"Aardvark, Grim Rhythm, Willie J's 6v6s @ Shotkickers",28/12/2024,20:00,Shotkickers,"744 High St, Thornbury VIC 3071, Australia",https://www.facebook.com/events/547114794606561/
"NEVER MIND THE BUZZERS, HERE'S RocKwiz Live!",29/11/2024,19:30,Palais Theatre,"Lower Esplanade, St Kilda VIC 3182, Australia",https://www.facebook.com/events/964344361619456/
John Williamson 'In Concert',30/11/2024,20:00,Palais Theatre,"Lower Esplanade, St Kilda VIC 3182, Australia",https://www.facebook.com/events/875899220610697/
A Symphony - A Grand Overture of Movement and Music,1/12/2024,19:30,Palais Theatre,"Lower Esplanade, St Kilda VIC 3182, Australia",https://www.facebook.com/events/2535863439939336/
Billy Corgan - Sideshow,3/12/2024,18:00,Palais Theatre,"Lower Esplanade, St Kilda VIC 3182, Australia",https://www.facebook.com/events/1339065457079117/
Violent Femmes - Sideshow,5/12/2024,19:30,Palais Theatre,"Lower Esplanade, St Kilda VIC 3182, Australia",https://www.facebook.com/events/1986012785160740/
Richard Marx,6/12/2024,19:00,Palais Theatre,"Lower Esplanade, St Kilda VIC 3182, Australia",https://www.facebook.com/events/1249715083066146/
The Show 2024 POP CHOIR Hearts Beating Loud,7/12/2024,19:30,Palais Theatre,"Lower Esplanade, St Kilda VIC 3182, Australia",https://www.facebook.com/events/529233529470528/
"LEE JONES QUINTET LIVE - PARIS CAT JAZZ CLUB, MELBOURNE",9/02/2025,18:30,Paris Cat Jazz Club,"6 Goldie Pl, Melbourne VIC 3000, Australia",https://www.facebook.com/events/924839595785766/
Domingo Latino - La 45,1/12/2024,18:45,The Night Cat,"137-141 Johnston St, Fitzroy VIC 3065, Australia",https://www.facebook.com/events/446910421374355/
DUB FX  feat Sahida Apsara - INFINITE REFLECTION SHOWCASE - Support. Andy V,4/12/2024,20:00,The Night Cat,"137-141 Johnston St, Fitzroy VIC 3065, Australia",https://www.facebook.com/events/492862153570873/
MIKE (US) Melbourne ,5/12/2024,20:00,The Night Cat,"137-141 Johnston St, Fitzroy VIC 3065, Australia",https://www.facebook.com/events/1017555586818845/
3065 PARTYGIRL with GAY ROBERTO,6/12/2024,23:00,The Night Cat,"137-141 Johnston St, Fitzroy VIC 3065, Australia",https://www.facebook.com/events/1329499038214513/
"ùêàùêßùêüùê¢ùêßùê¢ùê≠ùê≤ ùêíùê®ùêßùê† (ùêîùêíùêÄ) | Night cat, Melbourne",7/12/2024,19:00,The Night Cat,"137-141 Johnston St, Fitzroy VIC 3065, Australia",https://www.facebook.com/events/437216939124877/
Morning Melodies 2024 Season,9/12/2024,11:00,Arts Centre Melbourne,"100 St Kilda Rd, Southbank VIC 3004, Australia",https://www.facebook.com/events/344932704872465/
PLAY: Magicians at Work,11/12/2024,19:30,Arts Centre Melbourne,"100 St Kilda Rd, Southbank VIC 3004, Australia",https://www.facebook.com/events/719102477012730/
PLAY: Script Roulette Podcast,17/12/2024,18:00,Arts Centre Melbourne,"100 St Kilda Rd, Southbank VIC 3004, Australia",https://www.facebook.com/events/473972392257808/
PLAY: Frequency,4/12/2024,19:00,Arts Centre Melbourne,"100 St Kilda Rd, Southbank VIC 3004, Australia",https://www.facebook.com/events/3779665475622037/
Tix at 12,26/11/2024,12:00,Arts Centre Melbourne,"100 St Kilda Rd, Southbank VIC 3004, Australia",https://www.facebook.com/events/473885795706627/
Cruel Britannia: After Frankenstein,26/11/2024,19:30,Arts Centre Melbourne,"100 St Kilda Rd, Southbank VIC 3004, Australia",https://www.facebook.com/events/7899113556871811/
Tix at 12,26/11/2024,12:00,Arts Centre Melbourne,"100 St Kilda Rd, Southbank VIC 3004, Australia",https://www.facebook.com/events/473885795706627/?event_time_id=481829848245555
The Repeters Christmas Show @ Oakleigh Music Hall,15/12/2024,14:30,Oakleigh Carnegie RSL,"95/97 Drummond St, Oakleigh VIC 3166, Australia",https://www.facebook.com/events/1430247790987979/
RAW BRIT @ Oakleigh Music Hall,20/12/2024,20:30,Oakleigh Carnegie RSL,"95/97 Drummond St, Oakleigh VIC 3166, Australia",https://www.facebook.com/events/3659438734306866/
MELANCHOLIA - Presented by Studio Stocks,1/01/2099,0:00,Chapel Off Chapel,"12 Little Chapel St, Prahran VIC 3181, Australia",https://www.facebook.com/events/898033135764550/
"[SOLD OUT] BANKS at Northcote Theatre, Melbourne (18+)",26/11/1900,19:00,Northcote Theatre,"216 High St, Northcote VIC 3070, Australia",https://www.facebook.com/events/1081114210192060/
High Times - NYE feat. Yaya Bey,1/01/2099,0:00,Northcote Theatre,"216 High St, Northcote VIC 3070, Australia",https://www.facebook.com/events/446176237990719/
Natalie Jane - Sick To My Stomach Tour | Naarm / Melbourne,11/01/2025,20:00,Northcote Theatre,"216 High St, Northcote VIC 3070, Australia",https://www.facebook.com/events/3866748593568961/
Condensed Milk Tuesdays,26/11/2024,18:00,Section 8,"27-29 Tattersalls Ln, Melbourne VIC 3000, Australia",https://www.facebook.com/events/3806429379629971/
PLAYAZ CLUB: LANEWAY HOOP SHOOTOUT,2/12/2024,18:00,Section 8,"27-29 Tattersalls Ln, Melbourne VIC 3000, Australia",https://www.facebook.com/events/1804239166982408/
Condensed Milk Tuesdays,26/11/2024,18:00,Section 8,"27-29 Tattersalls Ln, Melbourne VIC 3000, Australia",https://www.facebook.com/events/3806429379629971/?event_time_id=3806429422963300
PLAYAZ CLUB: LANEWAY HOOP SHOOTOUT,2/12/2024,18:00,Section 8,"27-29 Tattersalls Ln, Melbourne VIC 3000, Australia",https://www.facebook.com/events/1804239166982408/?event_time_id=1804239200315738
Condensed Milk Tuesdays,26/11/2024,18:00,Section 8,"27-29 Tattersalls Ln, Melbourne VIC 3000, Australia",https://www.facebook.com/events/3806429379629971/?event_time_id=3806429412963301
PLAYAZ CLUB: LANEWAY HOOP SHOOTOUT,2/12/2024,18:00,Section 8,"27-29 Tattersalls Ln, Melbourne VIC 3000, Australia",https://www.facebook.com/events/1804239166982408/?event_time_id=1804239210315737
Condensed Milk Tuesdays,26/11/2024,18:00,Section 8,"27-29 Tattersalls Ln, Melbourne VIC 3000, Australia",https://www.facebook.com/events/3806429379629971/?event_time_id=3806429409629968
PLAYAZ CLUB: LANEWAY HOOP SHOOTOUT,2/12/2024,18:00,Section 8,"27-29 Tattersalls Ln, Melbourne VIC 3000, Australia",https://www.facebook.com/events/1804239166982408/?event_time_id=1804239196982405
FAT‚ÄôAZZ LIVE AT ONE2THREE BAR,29/11/2024,19:30,One2three Bar,"123 Queens Parade, Clifton Hill VIC 3068, Australia",https://www.facebook.com/events/878568654378283/
Ally Hocking Howe and The Tom Bell Trio,13/12/2024,17:00,One2three Bar,"123 Queens Parade, Clifton Hill VIC 3068, Australia",https://www.facebook.com/events/1633404017524109/
Ally Hocking Howe. The Tom Bell Trio,13/12/2024,19:00,One2three Bar,"123 Queens Parade, Clifton Hill VIC 3068, Australia",https://www.facebook.com/events/540905888801304/
80's Night. End of Year Celebrations!,28/12/2024,20:00,One2three Bar,"123 Queens Parade, Clifton Hill VIC 3068, Australia",https://www.facebook.com/events/1048191586995241/
OPEN MIC @ Red Betty 27/11,27/11/2024,19:00,Red Betty,"859a Sydney Rd, Brunswick VIC 3056, Australia",https://www.facebook.com/events/1284425475922011/
Sunset Session Jazz Jam,1/12/2024,18:00,Ragtime Tavern,"206 Tyler St, Preston VIC 3072, Australia",https://www.facebook.com/events/732212515419065/
New legs Jazz Night,27/11/2024,20:00,Ragtime Tavern,"206 Tyler St, Preston VIC 3072, Australia",https://www.facebook.com/events/495160123392132/?event_time_id=495160653392079
Jazz and Grooves at Ragtime ,29/11/2024,20:00,Ragtime Tavern,"206 Tyler St, Preston VIC 3072, Australia",https://www.facebook.com/events/906656974302400/
Sunset Session Jazz Jam,1/12/2024,18:00,Ragtime Tavern,"206 Tyler St, Preston VIC 3072, Australia",https://www.facebook.com/events/732212515419065/?event_time_id=778733220766994
Tom Waits Day ,7/12/2024,19:00,Ragtime Tavern,"206 Tyler St, Preston VIC 3072, Australia",https://www.facebook.com/events/576870491358087/
Sunset Session Jazz Jam,1/12/2024,18:00,Ragtime Tavern,"206 Tyler St, Preston VIC 3072, Australia",https://www.facebook.com/events/732212515419065/?event_time_id=778733227433660
Sunset Session Jazz Jam,1/12/2024,18:00,Ragtime Tavern,"206 Tyler St, Preston VIC 3072, Australia",https://www.facebook.com/events/732212515419065/?event_time_id=778733224100327
Hopeless Records 30th Birthday Bash!,29/11/2024,19:00,EMO NEVER SLEEPS,"629 Bourke St, Melbourne VIC 3004, Australia",https://www.facebook.com/events/8620341981386605/
ENS 4TH BIRTHDAY: EMOPALOOZA,21/12/1900,14:00,EMO NEVER SLEEPS,"629 Bourke St, Melbourne VIC 3004, Australia",https://www.facebook.com/events/307391512396163/
Up All Night Anniversary Party,30/11/2024,11:00,Stay Gold,"133 Sydney Rd, Brunswick VIC 3056, Australia",https://www.facebook.com/events/1201626830924024/
FULLY AMTD 2024,30/11/2024,17:00,Stay Gold,"133 Sydney Rd, Brunswick VIC 3056, Australia",https://www.facebook.com/events/2021353361659738/
From Ashes To New // Melbourne // Good Things Festival Sideshow // Stay Gold,4/12/2024,19:00,Stay Gold,"133 Sydney Rd, Brunswick VIC 3056, Australia",https://www.facebook.com/events/457421496842435/
ùó¶ùó¢ùóüùóó ùó¢ùó®ùóß | Imminence // Melbourne // Good Things Festival Sideshow // Stay Gold,5/12/2024,19:00,Stay Gold,"133 Sydney Rd, Brunswick VIC 3056, Australia",https://www.facebook.com/events/1092643912323747/
AM//PM x Good Things Pre-Party // Melbourne,5/12/2024,23:00,Stay Gold,"133 Sydney Rd, Brunswick VIC 3056, Australia",https://www.facebook.com/events/543271131989367/
Good Things Official Afterparty // Melbourne,6/12/2024,21:00,Stay Gold,"133 Sydney Rd, Brunswick VIC 3056, Australia",https://www.facebook.com/events/1503960333430229/
MANKIND (Tas) Take STAY GOLD w/Lazerlips & Blue Tongue Wizard,7/12/2024,19:00,Stay Gold,"133 Sydney Rd, Brunswick VIC 3056, Australia",https://www.facebook.com/events/8741751219193848/
VALENTA: CALL ME UR VANDAL,5/12/2024,19:30,Bad Decisions Bar,"46 Johnston St, Fitzroy VIC 3065, Australia",https://www.facebook.com/events/1119511592930893/
Lakeview,8/12/2024,19:30,Bad Decisions Bar,"46 Johnston St, Fitzroy VIC 3065, Australia",https://www.facebook.com/events/1098212474573374/
ALETHIA X Vanessa Estrada X Liana Perilla,12/12/2024,19:30,Bad Decisions Bar,"46 Johnston St, Fitzroy VIC 3065, Australia",https://www.facebook.com/events/942622567710868/
HELL UPSTAIRS,15/12/2024,19:30,Bad Decisions Bar,"46 Johnston St, Fitzroy VIC 3065, Australia",https://www.facebook.com/events/8670011283113470/
SMNKSMT LIVE,19/12/2024,19:30,Bad Decisions Bar,"46 Johnston St, Fitzroy VIC 3065, Australia",https://www.facebook.com/events/4017985308431968/
"RANSOM REVUE & WHISPERHEAD, VAULT HILL, INHERIT NOTHING, AMAH",18/01/2025,7:00,Bad Decisions Bar,"46 Johnston St, Fitzroy VIC 3065, Australia",https://www.facebook.com/events/1706904659851694/
Y2K New Years Eve @ Club Retro,31/12/2024,21:00,Club Retro,"383 Lonsdale St, Melbourne VIC 3000, Australia",https://www.facebook.com/events/1305342990634690/
Eat The Beat : Together,7/12/2024,21:00,New Guernica,"64 Smith St, Collingwood VIC 3066, Australia",https://www.facebook.com/events/557595343686869/
"Tyler, The Creator: Chromakopia Release Party - Melbourne",6/12/2024,22:00,Laundry Bar,"50 Johnston St, Fitzroy VIC 3065, Australia",https://www.facebook.com/events/581757264551715/
BARKADA NIGHT: End of Year Party,21/12/2024,21:00,Laundry Bar,"50 Johnston St, Fitzroy VIC 3065, Australia",https://www.facebook.com/events/1255471842433846/
Melbourne Bar Crawl | The #1 Friday Night Out! (Bonus 5 VENUES),29/11/2024,20:00,On The Rocks Bar Crawl Melbourne,"The Joint, 35 Elizabeth St, Melbourne VIC 3000, Australia",https://www.facebook.com/events/302113586202741/
Melbourne Bar Crawl | The #1 Saturday Night Out! ,30/11/2024,20:00,On The Rocks Bar Crawl Melbourne,"The Joint, 35 Elizabeth St, Melbourne VIC 3000, Australia",https://www.facebook.com/events/466993875714396/
Melbourne Bar Crawl | The #1 Friday Night Out! (Bonus 5 VENUES),29/11/2024,20:00,On The Rocks Bar Crawl Melbourne,"The Joint, 35 Elizabeth St, Melbourne VIC 3000, Australia",https://www.facebook.com/events/302113586202741/?event_time_id=302113626202737
Melbourne Bar Crawl | The #1 Saturday Night Out! ,30/11/2024,20:00,On The Rocks Bar Crawl Melbourne,"The Joint, 35 Elizabeth St, Melbourne VIC 3000, Australia",https://www.facebook.com/events/466993875714396/?event_time_id=466993889047728
Melbourne Bar Crawl | The #1 Friday Night Out! (Bonus 5 VENUES),29/11/2024,20:00,On The Rocks Bar Crawl Melbourne,"The Joint, 35 Elizabeth St, Melbourne VIC 3000, Australia",https://www.facebook.com/events/302113586202741/?event_time_id=302113622869404
Melbourne Bar Crawl | The #1 Saturday Night Out! ,30/11/2024,20:00,On The Rocks Bar Crawl Melbourne,"The Joint, 35 Elizabeth St, Melbourne VIC 3000, Australia",https://www.facebook.com/events/466993875714396/?event_time_id=466993885714395
Melbourne Bar Crawl | The #1 Friday Night Out! (Bonus 5 VENUES),29/11/2024,20:00,On The Rocks Bar Crawl Melbourne,"The Joint, 35 Elizabeth St, Melbourne VIC 3000, Australia",https://www.facebook.com/events/302113586202741/?event_time_id=302113619536071
Melbourne Bar Crawl | The #1 Saturday Night Out! ,30/11/2024,20:00,On The Rocks Bar Crawl Melbourne,"The Joint, 35 Elizabeth St, Melbourne VIC 3000, Australia",https://www.facebook.com/events/466993875714396/?event_time_id=466993895714394
StoryVille // Christmas Eve 2024,24/12/2024,22:00,StoryVille,"185 Lonsdale St, Melbourne VIC 3000, Australia",https://www.facebook.com/events/911427577622565/
Secret Garden Bottomless Drinks!,6/12/1900,17:00,Secret Garden Bar,"7/60 Fitzroy St, St Kilda VIC 3182, Australia",https://www.facebook.com/events/276233187077403/
Bottomless Drinks Secret Garden,1/01/2099,0:00,Secret Garden Bar,"7/60 Fitzroy St, St Kilda VIC 3182, Australia",https://www.facebook.com/events/947303075675901/
"BC #434 (Anthea, Nate SU, Somersault)",25/11/1900,8:00,onesixone,"161 High St, Prahran VIC 3181, Australia",https://www.facebook.com/events/1021906749692489/
Alex Preston | onesixone,6/12/2024,21:00,onesixone,"161 High St, Prahran VIC 3181, Australia",https://www.facebook.com/events/1153393592888483/
D√©SAINT + Greg Sara | onesixone,13/12/2024,21:00,onesixone,"161 High St, Prahran VIC 3181, Australia",https://www.facebook.com/events/1351375402507824/
Killer Pool Comp - Mondays,2/12/2024,19:00,Inkerman Hotel,"375 Inkerman St, St Kilda East VIC 3183, Australia",https://www.facebook.com/events/1038406204674063/
Cash Prize POOL COMP,26/11/2024,19:00,Inkerman Hotel,"375 Inkerman St, St Kilda East VIC 3183, Australia",https://www.facebook.com/events/1056315672649917/
Trivia Night,27/11/2024,19:30,Inkerman Hotel,"375 Inkerman St, St Kilda East VIC 3183, Australia",https://www.facebook.com/events/2779506008881959/
Spirit HAPPY HOUR + Spin to WIN!,28/11/2024,19:00,Inkerman Hotel,"375 Inkerman St, St Kilda East VIC 3183, Australia",https://www.facebook.com/events/508452218649178/
Cash Prize POOL COMP,26/11/2024,19:00,Inkerman Hotel,"375 Inkerman St, St Kilda East VIC 3183, Australia",https://www.facebook.com/events/1056315672649917/?event_time_id=1056315702649914
Trivia Night,27/11/2024,19:30,Inkerman Hotel,"375 Inkerman St, St Kilda East VIC 3183, Australia",https://www.facebook.com/events/2779506008881959/?event_time_id=2779506105548616
Spirit HAPPY HOUR + Spin to WIN!,28/11/2024,19:00,Inkerman Hotel,"375 Inkerman St, St Kilda East VIC 3183, Australia",https://www.facebook.com/events/508452218649178/?event_time_id=508452301982503
Killer Pool Comp - Mondays,2/12/2024,19:00,Inkerman Hotel,"375 Inkerman St, St Kilda East VIC 3183, Australia",https://www.facebook.com/events/1038406204674063/?event_time_id=1038406341340716
"Chasers 47th Birthday - FREE Entry - 70s, 80s, 90s & 00‚Äôs",14/11/2025,20:00,Chasers Nightclub,"386 Chapel St, South Yarra VIC 3141, Australia",https://www.facebook.com/events/622959113111539/
Stormchasers,28/11/2024,19:00,Altona Sports Club,"11 Altona Rd, Altona VIC 3018, Australia",https://www.facebook.com/events/3479359225530266/
Inferno Duet- Disco Night,29/11/2024,21:15,Altona Sports Club,"11 Altona Rd, Altona VIC 3018, Australia",https://www.facebook.com/events/513651934543795/
George Trimmer Band,30/11/2024,21:15,Altona Sports Club,"11 Altona Rd, Altona VIC 3018, Australia",https://www.facebook.com/events/1023011143173386/
The Punters | Every Sunday at Punters Club,1/12/2024,15:00,Punters Club,"376 Brunswick St, Fitzroy VIC 3065, Australia",https://www.facebook.com/events/2338349969876972/
Golden Hour | Live at Punters Club,28/11/2024,21:30,Punters Club,"376 Brunswick St, Fitzroy VIC 3065, Australia",https://www.facebook.com/events/2536488899883343/
DJ Bridget Small | Punters Rooftop Sessions,29/11/2024,18:00,Punters Club,"376 Brunswick St, Fitzroy VIC 3065, Australia",https://www.facebook.com/events/1305201464168285/
PROTO EXOTICA | PUNTERS CLUB TAKEOVER,29/11/2024,22:00,Punters Club,"376 Brunswick St, Fitzroy VIC 3065, Australia",https://www.facebook.com/events/9013544508761924/
The Moment | Live at Punters Club,30/11/2024,22:00,Punters Club,"376 Brunswick St, Fitzroy VIC 3065, Australia",https://www.facebook.com/events/590108106708670/
The Punters | Every Sunday at Punters Club,1/12/2024,15:00,Punters Club,"376 Brunswick St, Fitzroy VIC 3065, Australia",https://www.facebook.com/events/2338349969876972/?event_time_id=2338349983210304
OUR WEEKENDS END ON MONDAYS | with BOGGLE + MOZ√ã,2/12/2024,20:00,Punters Club,"376 Brunswick St, Fitzroy VIC 3065, Australia",https://www.facebook.com/events/1676284956651900/
OUR WEEKENDS END ON MONDAYS | with Salvador Diaz Trio + Soft Cou,2/12/2024,20:00,Punters Club,"376 Brunswick St, Fitzroy VIC 3065, Australia",https://www.facebook.com/events/2680629035474852/
Hypnotic Dimension with Wata Igarashi (JP),29/11/2024,23:00,Sub Club Melbourne,"Flinders Ct, Melbourne VIC 3000, Australia",https://www.facebook.com/events/9138371579506965/
Dr Rubinstein @ Sub Club ,6/12/2024,23:00,Sub Club Melbourne,"Flinders Ct, Melbourne VIC 3000, Australia",https://www.facebook.com/events/1280943769568037/
Novel presents Etapp Kyle at Sub Club,7/12/2024,22:00,Sub Club Melbourne,"Flinders Ct, Melbourne VIC 3000, Australia",https://www.facebook.com/events/2431818613819782/
Bunker presents IMOGEN,14/12/2024,22:00,Sub Club Melbourne,"Flinders Ct, Melbourne VIC 3000, Australia",https://www.facebook.com/events/1579104442704348/
Stephen Magnusson Trio - New Album LIVE RECORDING!,6/12/2024,19:30,Uptown Jazz Cafe,"1/177 Brunswick St, Fitzroy VIC 3065, Australia",https://www.facebook.com/events/542377881901607/
VANDEMONIAN LAGS - Bendigo,22/05/2025,19:30,The Flying Saucer Club,"979-985 Nepean Hwy, Moorabbin VIC 3189, Australia",https://www.facebook.com/events/3998964493672836/
VANDEMONIAN LAGS - Melbourne,23/05/2025,19:30,The Flying Saucer Club,"979-985 Nepean Hwy, Moorabbin VIC 3189, Australia",https://www.facebook.com/events/1302893481137542/
VANDEMONIAN LAGS - Ballarat,24/05/2025,19:30,The Flying Saucer Club,"979-985 Nepean Hwy, Moorabbin VIC 3189, Australia",https://www.facebook.com/events/1102525298234370/
VANDEMONIAN LAGS - Frankston,25/05/2025,15:30,The Flying Saucer Club,"979-985 Nepean Hwy, Moorabbin VIC 3189, Australia",https://www.facebook.com/events/2826689570827925/
Celebrate Christmas with Brass and Voice,15/12/2024,14:00,Stonnington City Brass,"Rear, 1255 High St, Malvern VIC 3144, Australia",https://www.facebook.com/events/1685159045389992/
The Nth Pole   Xmas at Marvel Stadium,3/12/2024,0:00,Marvel Stadium,"740 Bourke St, Docklands VIC 3008, Australia",https://www.facebook.com/events/932951175412015/
The Nth Pole   Xmas at Marvel Stadium,4/12/2024,0:00,Marvel Stadium,"740 Bourke St, Docklands VIC 3008, Australia",https://www.facebook.com/events/894281022792704/
The Nth Pole   Xmas at Marvel Stadium,5/12/2024,0:00,Marvel Stadium,"740 Bourke St, Docklands VIC 3008, Australia",https://www.facebook.com/events/555541447416012/
The Nth Pole   Xmas at Marvel Stadium,6/12/2024,0:00,Marvel Stadium,"740 Bourke St, Docklands VIC 3008, Australia",https://www.facebook.com/events/457749517336408/
The Nth Pole   Xmas at Marvel Stadium,7/12/2024,0:00,Marvel Stadium,"740 Bourke St, Docklands VIC 3008, Australia",https://www.facebook.com/events/535813709359417/
The Nth Pole   Xmas at Marvel Stadium,8/12/2024,0:00,Marvel Stadium,"740 Bourke St, Docklands VIC 3008, Australia",https://www.facebook.com/events/424755024022208/
The Nth Pole   Xmas at Marvel Stadium,9/12/2024,0:00,Marvel Stadium,"740 Bourke St, Docklands VIC 3008, Australia",https://www.facebook.com/events/1321012642589904/
Walking Football ,27/11/2024,13:00,Keilor Basketball Netball Stadium,"Stadium Dr, Keilor Park VIC 3042, Australia",https://www.facebook.com/events/314971211132118/
Social Pickleball ,29/11/2024,9:00,Keilor Basketball Netball Stadium,"Stadium Dr, Keilor Park VIC 3042, Australia",https://www.facebook.com/events/408883291671962/
Social Pickleball,2/12/2024,9:00,Keilor Basketball Netball Stadium,"Stadium Dr, Keilor Park VIC 3042, Australia",https://www.facebook.com/events/1596492704428262/
Walking Football ,27/11/2024,13:00,Keilor Basketball Netball Stadium,"Stadium Dr, Keilor Park VIC 3042, Australia",https://www.facebook.com/events/314971211132118/?event_time_id=314973754465197
Social Pickleball ,29/11/2024,9:00,Keilor Basketball Netball Stadium,"Stadium Dr, Keilor Park VIC 3042, Australia",https://www.facebook.com/events/408883291671962/?event_time_id=408886941671597
Social Pickleball,2/12/2024,9:00,Keilor Basketball Netball Stadium,"Stadium Dr, Keilor Park VIC 3042, Australia",https://www.facebook.com/events/1596492704428262/?event_time_id=1596496887761177
Walking Football ,27/11/2024,13:00,Keilor Basketball Netball Stadium,"Stadium Dr, Keilor Park VIC 3042, Australia",https://www.facebook.com/events/314971211132118/?event_time_id=314973751131864
Social Pickleball ,29/11/2024,9:00,Keilor Basketball Netball Stadium,"Stadium Dr, Keilor Park VIC 3042, Australia",https://www.facebook.com/events/408883291671962/?event_time_id=408886938338264
Friday Night Magic at The Gaming Arena ,29/11/2024,18:00,The Gaming Arena,"123 Bakers Rd, Coburg North VIC 3058, Australia",https://www.facebook.com/events/839736281375843/
Weekly MTG Commander at The Gaming Arena,26/11/2024,17:00,The Gaming Arena,"123 Bakers Rd, Coburg North VIC 3058, Australia",https://www.facebook.com/events/1541838383370198/
Warhammer: The Horus Heresy league night,27/11/2024,18:00,The Gaming Arena,"123 Bakers Rd, Coburg North VIC 3058, Australia",https://www.facebook.com/events/912618530441913/
Star Wars Unlimited: Weekly Play - Constructed ,27/11/2024,18:00,The Gaming Arena,"123 Bakers Rd, Coburg North VIC 3058, Australia",https://www.facebook.com/events/924943862822746/
The Gaming Arena - Star Wars Unlimited: Weekly play-Draft,6/12/2024,18:00,The Gaming Arena,"123 Bakers Rd, Coburg North VIC 3058, Australia",https://www.facebook.com/events/859039736399794/
Warhammer Age of Sigmar: Spearhead - League Night,29/11/2024,18:30,The Gaming Arena,"123 Bakers Rd, Coburg North VIC 3058, Australia",https://www.facebook.com/events/1617564228827173/
Dungeons & Flagons at The Home of Games,1/12/2024,12:45,Fortress Melbourne,"Shop 25/23 Caledonian Ln, Melbourne VIC 3000, Australia",https://www.facebook.com/events/919605919560820/
Checkmates: FREE Social Board Gaming Event,27/11/2024,18:00,Fortress Melbourne,"Shop 25/23 Caledonian Ln, Melbourne VIC 3000, Australia",https://www.facebook.com/events/1617677221972877/
Tavern Trivia at The Home of Games | Pop Culture Trivia,2/12/2024,18:30,Fortress Melbourne,"Shop 25/23 Caledonian Ln, Melbourne VIC 3000, Australia",https://www.facebook.com/events/2160734360954610/
Fight Night | Fortress x CouchWarriors ,28/11/2024,18:00,Fortress Melbourne,"Shop 25/23 Caledonian Ln, Melbourne VIC 3000, Australia",https://www.facebook.com/events/1014315667116008/
Checkmates: FREE Social Board Gaming Event,27/11/2024,18:00,Fortress Melbourne,"Shop 25/23 Caledonian Ln, Melbourne VIC 3000, Australia",https://www.facebook.com/events/1617677221972877/?event_time_id=1789350831472181
Fight Night | Fortress x CouchWarriors ,28/11/2024,18:00,Fortress Melbourne,"Shop 25/23 Caledonian Ln, Melbourne VIC 3000, Australia",https://www.facebook.com/events/1014315667116008/?event_time_id=1014315680449340
Dungeons & Flagons at The Home of Games,1/12/2024,12:45,Fortress Melbourne,"Shop 25/23 Caledonian Ln, Melbourne VIC 3000, Australia",https://www.facebook.com/events/919605919560820/?event_time_id=919606029560809
Tavern Trivia at The Home of Games | Pop Culture Trivia,2/12/2024,18:30,Fortress Melbourne,"Shop 25/23 Caledonian Ln, Melbourne VIC 3000, Australia",https://www.facebook.com/events/2160734360954610/?event_time_id=2160734370954609
Sourdough Bread Baking Workshop,1/12/2024,9:00,CERES Environment Park,"Stewart St & Roberts St East, Brunswick VIC 3056, Australia",https://www.facebook.com/events/1638940793635815/
Beeswax Wraps Workshop,3/12/2024,18:00,CERES Environment Park,"Stewart St & Roberts St East, Brunswick VIC 3056, Australia",https://www.facebook.com/events/943095684373839/
Pat Presents: 'Free Play' MUSIC at CERES,7/12/2024,10:30,CERES Environment Park,"Stewart St & Roberts St East, Brunswick VIC 3056, Australia",https://www.facebook.com/events/772758177611844/?event_time_id=772758187611843
Palace Church Street eTicket Offer!,26/11/1900,13:00,Palace Cinemas,"1 Champ St, Coburg VIC 3058, Australia",https://www.facebook.com/events/1091741695943924/
Aquarius - Q&A Screening With Director & Guests,1/12/2024,16:00,Palace Cinemas,"1 Champ St, Coburg VIC 3058, Australia",https://www.facebook.com/events/1083169380166981/
Anora | Festival Darling Preview,4/12/2024,18:30,Palace Cinemas,"1 Champ St, Coburg VIC 3058, Australia",https://www.facebook.com/events/554782197161448/
A Real Pain | Awards Season Preview,6/12/2024,18:30,Palace Cinemas,"1 Champ St, Coburg VIC 3058, Australia",https://www.facebook.com/events/1711736452701611/
Wallace & Gromit: Vengeance Most Fowl | British Film Festival Previews,7/12/1900,10:30,Palace Cinemas,"1 Champ St, Coburg VIC 3058, Australia",https://www.facebook.com/events/898755179031993/
Rom-Com: A Celebration of Romantic Comedies,26/11/2024,19:00,Lido Cinemas,"675 Glenferrie Rd, Hawthorn VIC 3122, Australia",https://www.facebook.com/events/995394008973998/
Rom-Com: A Celebration of Romantic Comedies,26/11/2024,19:00,Lido Cinemas,"675 Glenferrie Rd, Hawthorn VIC 3122, Australia",https://www.facebook.com/events/995394008973998/?event_time_id=995394042307328
Rom-Com: A Celebration of Romantic Comedies,26/11/2024,19:00,Lido Cinemas,"675 Glenferrie Rd, Hawthorn VIC 3122, Australia",https://www.facebook.com/events/995394008973998/?event_time_id=995394038973995
Rom-Com: A Celebration of Romantic Comedies,26/11/2024,19:00,Lido Cinemas,"675 Glenferrie Rd, Hawthorn VIC 3122, Australia",https://www.facebook.com/events/995394008973998/?event_time_id=995394045640661
Rom-Com: A Celebration of Romantic Comedies,26/11/2024,19:00,Lido Cinemas,"675 Glenferrie Rd, Hawthorn VIC 3122, Australia",https://www.facebook.com/events/995394008973998/?event_time_id=995394012307331
Eternal Sunshine of the Spotless Mind: 20th Anniversary screening season,21/11/1900,20:45,Cinema Nova,"380 Lygon St, Carlton VIC 3053, Australia",https://www.facebook.com/events/860045712611911/
Black Swan: Nova Film Club,27/11/2024,18:45,Cinema Nova,"380 Lygon St, Carlton VIC 3053, Australia",https://www.facebook.com/events/1536686260312827/
Emilia P√©rez - Melbourne Premiere & After-Party,29/11/2024,18:40,Cinema Nova,"380 Lygon St, Carlton VIC 3053, Australia",https://www.facebook.com/events/3358916720918636/
Once Upon a Time in America: 40th Anniversary season,30/11/1900,12:45,Cinema Nova,"380 Lygon St, Carlton VIC 3053, Australia",https://www.facebook.com/events/1263529054847345/
"Kiss Me, Kate: The Musical",30/11/1900,13:00,Cinema Nova,"380 Lygon St, Carlton VIC 3053, Australia",https://www.facebook.com/events/928519105840969/
Black Dog: Advance Screening,4/12/2024,18:50,Cinema Nova,"380 Lygon St, Carlton VIC 3053, Australia",https://www.facebook.com/events/1639594606937306/
MICK HARVEY WITH SPECIAL GUEST AMANDA ACEVEDO,14/12/2024,17:30,Thornbury Picture House,"802 High St, Thornbury VIC 3071, Australia",https://www.facebook.com/events/561079456520063/
–ù–æ–≤–æ–≥–æ–¥–Ω—è—è —ë–ª–∫–∞,14/12/2024,11:00,Russian House Melbourne,"118 Greeves St, Fitzroy VIC 3065, Australia",https://www.facebook.com/events/429406169569750/
–Å–õ–ö–ê –≤ –†—É—Å—Å–∫–æ–º –¥–æ–º–µ,14/12/2024,14:00,Russian House Melbourne,"118 Greeves St, Fitzroy VIC 3065, Australia",https://www.facebook.com/events/402934646152959/
–ù–æ–≤–æ–≥–æ–¥–Ω—è—è —ë–ª–∫–∞,15/12/2024,11:00,Russian House Melbourne,"118 Greeves St, Fitzroy VIC 3065, Australia",https://www.facebook.com/events/1867806123696392/
–Å–õ–ö–ê –≤ –†—É—Å—Å–∫–æ–º –¥–æ–º–µ,15/12/2024,14:00,Russian House Melbourne,"118 Greeves St, Fitzroy VIC 3065, Australia",https://www.facebook.com/events/3782141978706523/
 –ö–æ–Ω—Ü–µ—Ä—Ç  –®–ï–î–ï–í–†–´ –†–£–°–°–ö–û–ô –§–û–†–¢–ï–ü–ò–ê–ù–ù–û–ô –ö–õ–ê–°–°–ò–ö–ò,21/12/2024,16:00,Russian House Melbourne,"118 Greeves St, Fitzroy VIC 3065, Australia",https://www.facebook.com/events/501496195811935/
Jack & Ruby (DACY) Live in the Glasshouse,1/12/2024,16:00,Transport Hotel,"Transport Hotel, Ground Level Federation Square, Melbourne VIC 3000, Australia",https://www.facebook.com/events/1514265939223941/
NYE at Transport Public Bar: Studio 54 Theme ,31/12/2024,12:00,Transport Hotel,"Transport Hotel, Ground Level Federation Square, Melbourne VIC 3000, Australia",https://www.facebook.com/events/385011001048047/
New Year's Eve at Transit Rooftop Bar!,31/12/2024,19:30,Transport Hotel,"Transport Hotel, Ground Level Federation Square, Melbourne VIC 3000, Australia",https://www.facebook.com/events/1966041560515299/
New Bloom Fest 2025 | Melbourne 18+,1/01/2099,0:00,The Timber Yard,"351 Plummer St, Port Melbourne VIC 3207, Australia",https://www.facebook.com/events/413686071784823/
Australian Eagles Show & Money For Nothin: Dire Straits Experience - Palms At Crown Melbourne,2/05/2025,19:30,Palladium at Crown,"Level 1 Crown Towers, Crown Melbourne, 8 Whiteman St, Southbank VIC 3006, Australia",https://www.facebook.com/events/552888104034073/
BAND COMPETITION - Good Things Festival Band Comp // Melbourne // Final,27/11/2024,19:00,Good Things Festival,"448 Epsom Rd, Flemington VIC 3031, Australia",https://www.facebook.com/events/1568764510674101/
BAND COMPETITION - Good Things Festival Band Comp // Brisbane // Final,27/11/2024,20:00,Good Things Festival,"448 Epsom Rd, Flemington VIC 3031, Australia",https://www.facebook.com/events/2120057538389573/
MANGO CLUB | 29.11.24 | SUMMER SESSIONS,29/11/2024,21:00,Mango Club,"577 Little Bourke St Docklands VIC 3000, Australia",https://www.facebook.com/events/1273850687373977/
